1_lw,1_ld,1_rw,1_rd,B
1_lw,1_ld,1_rw,2_rd,R
1_lw,1_ld,1_rw,3_rd,R
1_lw,1_ld,1_rw,4_rd,R
1_lw,1_ld,1_rw,5_rd,R
1_lw,1_ld,2_rw,1_rd,R
1_lw,1_ld,2_rw,2_rd,R
1_lw,1_ld,2_rw,3_rd,R
1_lw,1_ld,2_rw,4_rd,R
1_lw,1_ld,2_rw,5_rd,R
1_lw,1_ld,3_rw,1_rd,R
1_lw,1_ld,3_rw,2_rd,R
1_lw,1_ld,3_rw,3_rd,R
1_lw,1_ld,3_rw,4_rd,R
1_lw,1_ld,3_rw,5_rd,R
1_lw,1_ld,4_rw,1_rd,R
1_lw,1_ld,4_rw,2_rd,R
1_lw,1_ld,4_rw,3_rd,R
1_lw,1_ld,4_rw,4_rd,R
1_lw,1_ld,4_rw,5_rd,R
1_lw,1_ld,5_rw,1_rd,R
1_lw,1_ld,5_rw,2_rd,R
1_lw,1_ld,5_rw,3_rd,R
1_lw,1_ld,5_rw,4_rd,R
1_lw,1_ld,5_rw,5_rd,R
1_lw,2_ld,1_rw,1_rd,L
1_lw,2_ld,1_rw,2_rd,B
1_lw,2_ld,1_rw,3_rd,R
1_lw,2_ld,1_rw,4_rd,R
1_lw,2_ld,1_rw,5_rd,R
1_lw,2_ld,2_rw,1_rd,B
1_lw,2_ld,2_rw,2_rd,R
1_lw,2_ld,2_rw,3_rd,R
1_lw,2_ld,2_rw,4_rd,R
1_lw,2_ld,2_rw,5_rd,R
1_lw,2_ld,3_rw,1_rd,R
1_lw,2_ld,3_rw,2_rd,R
1_lw,2_ld,3_rw,3_rd,R
1_lw,2_ld,3_rw,4_rd,R
1_lw,2_ld,3_rw,5_rd,R
1_lw,2_ld,4_rw,1_rd,R
1_lw,2_ld,4_rw,2_rd,R
1_lw,2_ld,4_rw,3_rd,R
1_lw,2_ld,4_rw,4_rd,R
1_lw,2_ld,4_rw,5_rd,R
1_lw,2_ld,5_rw,1_rd,R
1_lw,2_ld,5_rw,2_rd,R
1_lw,2_ld,5_rw,3_rd,R
1_lw,2_ld,5_rw,4_rd,R
1_lw,2_ld,5_rw,5_rd,R
1_lw,3_ld,1_rw,1_rd,L
1_lw,3_ld,1_rw,2_rd,L
1_lw,3_ld,1_rw,3_rd,B
1_lw,3_ld,1_rw,4_rd,R
1_lw,3_ld,1_rw,5_rd,R
1_lw,3_ld,2_rw,1_rd,L
1_lw,3_ld,2_rw,2_rd,R
1_lw,3_ld,2_rw,3_rd,R
1_lw,3_ld,2_rw,4_rd,R
1_lw,3_ld,2_rw,5_rd,R
1_lw,3_ld,3_rw,1_rd,B
1_lw,3_ld,3_rw,2_rd,R
1_lw,3_ld,3_rw,3_rd,R
1_lw,3_ld,3_rw,4_rd,R
1_lw,3_ld,3_rw,5_rd,R
1_lw,3_ld,4_rw,1_rd,R
1_lw,3_ld,4_rw,2_rd,R
1_lw,3_ld,4_rw,3_rd,R
1_lw,3_ld,4_rw,4_rd,R
1_lw,3_ld,4_rw,5_rd,R
1_lw,3_ld,5_rw,1_rd,R
1_lw,3_ld,5_rw,2_rd,R
1_lw,3_ld,5_rw,3_rd,R
1_lw,3_ld,5_rw,4_rd,R
1_lw,3_ld,5_rw,5_rd,R
1_lw,4_ld,1_rw,1_rd,L
1_lw,4_ld,1_rw,2_rd,L
1_lw,4_ld,1_rw,3_rd,L
1_lw,4_ld,1_rw,4_rd,B
1_lw,4_ld,1_rw,5_rd,R
1_lw,4_ld,2_rw,1_rd,L
1_lw,4_ld,2_rw,2_rd,B
1_lw,4_ld,2_rw,3_rd,R
1_lw,4_ld,2_rw,4_rd,R
1_lw,4_ld,2_rw,5_rd,R
1_lw,4_ld,3_rw,1_rd,L
1_lw,4_ld,3_rw,2_rd,R
1_lw,4_ld,3_rw,3_rd,R
1_lw,4_ld,3_rw,4_rd,R
1_lw,4_ld,3_rw,5_rd,R
1_lw,4_ld,4_rw,1_rd,B
1_lw,4_ld,4_rw,2_rd,R
1_lw,4_ld,4_rw,3_rd,R
1_lw,4_ld,4_rw,4_rd,R
1_lw,4_ld,4_rw,5_rd,R
1_lw,4_ld,5_rw,1_rd,R
1_lw,4_ld,5_rw,2_rd,R
1_lw,4_ld,5_rw,3_rd,R
1_lw,4_ld,5_rw,4_rd,R
1_lw,4_ld,5_rw,5_rd,R
1_lw,5_ld,1_rw,1_rd,L
1_lw,5_ld,1_rw,2_rd,L
1_lw,5_ld,1_rw,3_rd,L
1_lw,5_ld,1_rw,4_rd,L
1_lw,5_ld,1_rw,5_rd,B
1_lw,5_ld,2_rw,1_rd,L
1_lw,5_ld,2_rw,2_rd,L
1_lw,5_ld,2_rw,3_rd,R
1_lw,5_ld,2_rw,4_rd,R
1_lw,5_ld,2_rw,5_rd,R
1_lw,5_ld,3_rw,1_rd,L
1_lw,5_ld,3_rw,2_rd,R
1_lw,5_ld,3_rw,3_rd,R
1_lw,5_ld,3_rw,4_rd,R
1_lw,5_ld,3_rw,5_rd,R
1_lw,5_ld,4_rw,1_rd,L
1_lw,5_ld,4_rw,2_rd,R
1_lw,5_ld,4_rw,3_rd,R
1_lw,5_ld,4_rw,4_rd,R
1_lw,5_ld,4_rw,5_rd,R
1_lw,5_ld,5_rw,1_rd,B
1_lw,5_ld,5_rw,2_rd,R
1_lw,5_ld,5_rw,3_rd,R
1_lw,5_ld,5_rw,4_rd,R
1_lw,5_ld,5_rw,5_rd,R
2_lw,1_ld,1_rw,1_rd,L
2_lw,1_ld,1_rw,2_rd,B
2_lw,1_ld,1_rw,3_rd,R
2_lw,1_ld,1_rw,4_rd,R
2_lw,1_ld,1_rw,5_rd,R
2_lw,1_ld,2_rw,1_rd,B
2_lw,1_ld,2_rw,2_rd,R
2_lw,1_ld,2_rw,3_rd,R
2_lw,1_ld,2_rw,4_rd,R
2_lw,1_ld,2_rw,5_rd,R
2_lw,1_ld,3_rw,1_rd,R
2_lw,1_ld,3_rw,2_rd,R
2_lw,1_ld,3_rw,3_rd,R
2_lw,1_ld,3_rw,4_rd,R
2_lw,1_ld,3_rw,5_rd,R
2_lw,1_ld,4_rw,1_rd,R
2_lw,1_ld,4_rw,2_rd,R
2_lw,1_ld,4_rw,3_rd,R
2_lw,1_ld,4_rw,4_rd,R
2_lw,1_ld,4_rw,5_rd,R
2_lw,1_ld,5_rw,1_rd,R
2_lw,1_ld,5_rw,2_rd,R
2_lw,1_ld,5_rw,3_rd,R
2_lw,1_ld,5_rw,4_rd,R
2_lw,1_ld,5_rw,5_rd,R
2_lw,2_ld,1_rw,1_rd,L
2_lw,2_ld,1_rw,2_rd,L
2_lw,2_ld,1_rw,3_rd,L
2_lw,2_ld,1_rw,4_rd,B
2_lw,2_ld,1_rw,5_rd,R
2_lw,2_ld,2_rw,1_rd,L
2_lw,2_ld,2_rw,2_rd,B
2_lw,2_ld,2_rw,3_rd,R
2_lw,2_ld,2_rw,4_rd,R
2_lw,2_ld,2_rw,5_rd,R
2_lw,2_ld,3_rw,1_rd,L
2_lw,2_ld,3_rw,2_rd,R
2_lw,2_ld,3_rw,3_rd,R
2_lw,2_ld,3_rw,4_rd,R
2_lw,2_ld,3_rw,5_rd,R
2_lw,2_ld,4_rw,1_rd,B
2_lw,2_ld,4_rw,2_rd,R
2_lw,2_ld,4_rw,3_rd,R
2_lw,2_ld,4_rw,4_rd,R
2_lw,2_ld,4_rw,5_rd,R
2_lw,2_ld,5_rw,1_rd,R
2_lw,2_ld,5_rw,2_rd,R
2_lw,2_ld,5_rw,3_rd,R
2_lw,2_ld,5_rw,4_rd,R
2_lw,2_ld,5_rw,5_rd,R
2_lw,3_ld,1_rw,1_rd,L
2_lw,3_ld,1_rw,2_rd,L
2_lw,3_ld,1_rw,3_rd,L
2_lw,3_ld,1_rw,4_rd,L
2_lw,3_ld,1_rw,5_rd,L
2_lw,3_ld,2_rw,1_rd,L
2_lw,3_ld,2_rw,2_rd,L
2_lw,3_ld,2_rw,3_rd,B
2_lw,3_ld,2_rw,4_rd,R
2_lw,3_ld,2_rw,5_rd,R
2_lw,3_ld,3_rw,1_rd,L
2_lw,3_ld,3_rw,2_rd,B
2_lw,3_ld,3_rw,3_rd,R
2_lw,3_ld,3_rw,4_rd,R
2_lw,3_ld,3_rw,5_rd,R
2_lw,3_ld,4_rw,1_rd,L
2_lw,3_ld,4_rw,2_rd,R
2_lw,3_ld,4_rw,3_rd,R
2_lw,3_ld,4_rw,4_rd,R
2_lw,3_ld,4_rw,5_rd,R
2_lw,3_ld,5_rw,1_rd,L
2_lw,3_ld,5_rw,2_rd,R
2_lw,3_ld,5_rw,3_rd,R
2_lw,3_ld,5_rw,4_rd,R
2_lw,3_ld,5_rw,5_rd,R
2_lw,4_ld,1_rw,1_rd,L
2_lw,4_ld,1_rw,2_rd,L
2_lw,4_ld,1_rw,3_rd,L
2_lw,4_ld,1_rw,4_rd,L
2_lw,4_ld,1_rw,5_rd,L
2_lw,4_ld,2_rw,1_rd,L
2_lw,4_ld,2_rw,2_rd,L
2_lw,4_ld,2_rw,3_rd,L
2_lw,4_ld,2_rw,4_rd,B
2_lw,4_ld,2_rw,5_rd,R
2_lw,4_ld,3_rw,1_rd,L
2_lw,4_ld,3_rw,2_rd,L
2_lw,4_ld,3_rw,3_rd,R
2_lw,4_ld,3_rw,4_rd,R
2_lw,4_ld,3_rw,5_rd,R
2_lw,4_ld,4_rw,1_rd,L
2_lw,4_ld,4_rw,2_rd,B
2_lw,4_ld,4_rw,3_rd,R
2_lw,4_ld,4_rw,4_rd,R
2_lw,4_ld,4_rw,5_rd,R
2_lw,4_ld,5_rw,1_rd,L
2_lw,4_ld,5_rw,2_rd,R
2_lw,4_ld,5_rw,3_rd,R
2_lw,4_ld,5_rw,4_rd,R
2_lw,4_ld,5_rw,5_rd,R
2_lw,5_ld,1_rw,1_rd,L
2_lw,5_ld,1_rw,2_rd,L
2_lw,5_ld,1_rw,3_rd,L
2_lw,5_ld,1_rw,4_rd,L
2_lw,5_ld,1_rw,5_rd,L
2_lw,5_ld,2_rw,1_rd,L
2_lw,5_ld,2_rw,2_rd,L
2_lw,5_ld,2_rw,3_rd,L
2_lw,5_ld,2_rw,4_rd,L
2_lw,5_ld,2_rw,5_rd,B
2_lw,5_ld,3_rw,1_rd,L
2_lw,5_ld,3_rw,2_rd,L
2_lw,5_ld,3_rw,3_rd,L
2_lw,5_ld,3_rw,4_rd,R
2_lw,5_ld,3_rw,5_rd,R
2_lw,5_ld,4_rw,1_rd,L
2_lw,5_ld,4_rw,2_rd,L
2_lw,5_ld,4_rw,3_rd,R
2_lw,5_ld,4_rw,4_rd,R
2_lw,5_ld,4_rw,5_rd,R
2_lw,5_ld,5_rw,1_rd,L
2_lw,5_ld,5_rw,2_rd,B
2_lw,5_ld,5_rw,3_rd,R
2_lw,5_ld,5_rw,4_rd,R
2_lw,5_ld,5_rw,5_rd,R
3_lw,1_ld,1_rw,1_rd,L
3_lw,1_ld,1_rw,2_rd,L
3_lw,1_ld,1_rw,3_rd,B
3_lw,1_ld,1_rw,4_rd,R
3_lw,1_ld,1_rw,5_rd,R
3_lw,1_ld,2_rw,1_rd,L
3_lw,1_ld,2_rw,2_rd,R
3_lw,1_ld,2_rw,3_rd,R
3_lw,1_ld,2_rw,4_rd,R
3_lw,1_ld,2_rw,5_rd,R
3_lw,1_ld,3_rw,1_rd,B
3_lw,1_ld,3_rw,2_rd,R
3_lw,1_ld,3_rw,3_rd,R
3_lw,1_ld,3_rw,4_rd,R
3_lw,1_ld,3_rw,5_rd,R
3_lw,1_ld,4_rw,1_rd,R
3_lw,1_ld,4_rw,2_rd,R
3_lw,1_ld,4_rw,3_rd,R
3_lw,1_ld,4_rw,4_rd,R
3_lw,1_ld,4_rw,5_rd,R
3_lw,1_ld,5_rw,1_rd,R
3_lw,1_ld,5_rw,2_rd,R
3_lw,1_ld,5_rw,3_rd,R
3_lw,1_ld,5_rw,4_rd,R
3_lw,1_ld,5_rw,5_rd,R
3_lw,2_ld,1_rw,1_rd,L
3_lw,2_ld,1_rw,2_rd,L
3_lw,2_ld,1_rw,3_rd,L
3_lw,2_ld,1_rw,4_rd,L
3_lw,2_ld,1_rw,5_rd,L
3_lw,2_ld,2_rw,1_rd,L
3_lw,2_ld,2_rw,2_rd,L
3_lw,2_ld,2_rw,3_rd,B
3_lw,2_ld,2_rw,4_rd,R
3_lw,2_ld,2_rw,5_rd,R
3_lw,2_ld,3_rw,1_rd,L
3_lw,2_ld,3_rw,2_rd,B
3_lw,2_ld,3_rw,3_rd,R
3_lw,2_ld,3_rw,4_rd,R
3_lw,2_ld,3_rw,5_rd,R
3_lw,2_ld,4_rw,1_rd,L
3_lw,2_ld,4_rw,2_rd,R
3_lw,2_ld,4_rw,3_rd,R
3_lw,2_ld,4_rw,4_rd,R
3_lw,2_ld,4_rw,5_rd,R
3_lw,2_ld,5_rw,1_rd,L
3_lw,2_ld,5_rw,2_rd,R
3_lw,2_ld,5_rw,3_rd,R
3_lw,2_ld,5_rw,4_rd,R
3_lw,2_ld,5_rw,5_rd,R
3_lw,3_ld,1_rw,1_rd,L
3_lw,3_ld,1_rw,2_rd,L
3_lw,3_ld,1_rw,3_rd,L
3_lw,3_ld,1_rw,4_rd,L
3_lw,3_ld,1_rw,5_rd,L
3_lw,3_ld,2_rw,1_rd,L
3_lw,3_ld,2_rw,2_rd,L
3_lw,3_ld,2_rw,3_rd,L
3_lw,3_ld,2_rw,4_rd,L
3_lw,3_ld,2_rw,5_rd,R
3_lw,3_ld,3_rw,1_rd,L
3_lw,3_ld,3_rw,2_rd,L
3_lw,3_ld,3_rw,3_rd,B
3_lw,3_ld,3_rw,4_rd,R
3_lw,3_ld,3_rw,5_rd,R
3_lw,3_ld,4_rw,1_rd,L
3_lw,3_ld,4_rw,2_rd,L
3_lw,3_ld,4_rw,3_rd,R
3_lw,3_ld,4_rw,4_rd,R
3_lw,3_ld,4_rw,5_rd,R
3_lw,3_ld,5_rw,1_rd,L
3_lw,3_ld,5_rw,2_rd,R
3_lw,3_ld,5_rw,3_rd,R
3_lw,3_ld,5_rw,4_rd,R
3_lw,3_ld,5_rw,5_rd,R
3_lw,4_ld,1_rw,1_rd,L
3_lw,4_ld,1_rw,2_rd,L
3_lw,4_ld,1_rw,3_rd,L
3_lw,4_ld,1_rw,4_rd,L
3_lw,4_ld,1_rw,5_rd,L
3_lw,4_ld,2_rw,1_rd,L
3_lw,4_ld,2_rw,2_rd,L
3_lw,4_ld,2_rw,3_rd,L
3_lw,4_ld,2_rw,4_rd,L
3_lw,4_ld,2_rw,5_rd,L
3_lw,4_ld,3_rw,1_rd,L
3_lw,4_ld,3_rw,2_rd,L
3_lw,4_ld,3_rw,3_rd,L
3_lw,4_ld,3_rw,4_rd,B
3_lw,4_ld,3_rw,5_rd,R
3_lw,4_ld,4_rw,1_rd,L
3_lw,4_ld,4_rw,2_rd,L
3_lw,4_ld,4_rw,3_rd,B
3_lw,4_ld,4_rw,4_rd,R
3_lw,4_ld,4_rw,5_rd,R
3_lw,4_ld,5_rw,1_rd,L
3_lw,4_ld,5_rw,2_rd,L
3_lw,4_ld,5_rw,3_rd,R
3_lw,4_ld,5_rw,4_rd,R
3_lw,4_ld,5_rw,5_rd,R
3_lw,5_ld,1_rw,1_rd,L
3_lw,5_ld,1_rw,2_rd,L
3_lw,5_ld,1_rw,3_rd,L
3_lw,5_ld,1_rw,4_rd,L
3_lw,5_ld,1_rw,5_rd,L
3_lw,5_ld,2_rw,1_rd,L
3_lw,5_ld,2_rw,2_rd,L
3_lw,5_ld,2_rw,3_rd,L
3_lw,5_ld,2_rw,4_rd,L
3_lw,5_ld,2_rw,5_rd,L
3_lw,5_ld,3_rw,1_rd,L
3_lw,5_ld,3_rw,2_rd,L
3_lw,5_ld,3_rw,3_rd,L
3_lw,5_ld,3_rw,4_rd,L
3_lw,5_ld,3_rw,5_rd,B
3_lw,5_ld,4_rw,1_rd,L
3_lw,5_ld,4_rw,2_rd,L
3_lw,5_ld,4_rw,3_rd,L
3_lw,5_ld,4_rw,4_rd,R
3_lw,5_ld,4_rw,5_rd,R
3_lw,5_ld,5_rw,1_rd,L
3_lw,5_ld,5_rw,2_rd,L
3_lw,5_ld,5_rw,3_rd,B
3_lw,5_ld,5_rw,4_rd,R
3_lw,5_ld,5_rw,5_rd,R
4_lw,1_ld,1_rw,1_rd,L
4_lw,1_ld,1_rw,2_rd,L
4_lw,1_ld,1_rw,3_rd,L
4_lw,1_ld,1_rw,4_rd,B
4_lw,1_ld,1_rw,5_rd,R
4_lw,1_ld,2_rw,1_rd,L
4_lw,1_ld,2_rw,2_rd,B
4_lw,1_ld,2_rw,3_rd,R
4_lw,1_ld,2_rw,4_rd,R
4_lw,1_ld,2_rw,5_rd,R
4_lw,1_ld,3_rw,1_rd,L
4_lw,1_ld,3_rw,2_rd,R
4_lw,1_ld,3_rw,3_rd,R
4_lw,1_ld,3_rw,4_rd,R
4_lw,1_ld,3_rw,5_rd,R
4_lw,1_ld,4_rw,1_rd,B
4_lw,1_ld,4_rw,2_rd,R
4_lw,1_ld,4_rw,3_rd,R
4_lw,1_ld,4_rw,4_rd,R
4_lw,1_ld,4_rw,5_rd,R
4_lw,1_ld,5_rw,1_rd,R
4_lw,1_ld,5_rw,2_rd,R
4_lw,1_ld,5_rw,3_rd,R
4_lw,1_ld,5_rw,4_rd,R
4_lw,1_ld,5_rw,5_rd,R
4_lw,2_ld,1_rw,1_rd,L
4_lw,2_ld,1_rw,2_rd,L
4_lw,2_ld,1_rw,3_rd,L
4_lw,2_ld,1_rw,4_rd,L
4_lw,2_ld,1_rw,5_rd,L
4_lw,2_ld,2_rw,1_rd,L
4_lw,2_ld,2_rw,2_rd,L
4_lw,2_ld,2_rw,3_rd,L
4_lw,2_ld,2_rw,4_rd,B
4_lw,2_ld,2_rw,5_rd,R
4_lw,2_ld,3_rw,1_rd,L
4_lw,2_ld,3_rw,2_rd,L
4_lw,2_ld,3_rw,3_rd,R
4_lw,2_ld,3_rw,4_rd,R
4_lw,2_ld,3_rw,5_rd,R
4_lw,2_ld,4_rw,1_rd,L
4_lw,2_ld,4_rw,2_rd,B
4_lw,2_ld,4_rw,3_rd,R
4_lw,2_ld,4_rw,4_rd,R
4_lw,2_ld,4_rw,5_rd,R
4_lw,2_ld,5_rw,1_rd,L
4_lw,2_ld,5_rw,2_rd,R
4_lw,2_ld,5_rw,3_rd,R
4_lw,2_ld,5_rw,4_rd,R
4_lw,2_ld,5_rw,5_rd,R
4_lw,3_ld,1_rw,1_rd,L
4_lw,3_ld,1_rw,2_rd,L
4_lw,3_ld,1_rw,3_rd,L
4_lw,3_ld,1_rw,4_rd,L
4_lw,3_ld,1_rw,5_rd,L
4_lw,3_ld,2_rw,1_rd,L
4_lw,3_ld,2_rw,2_rd,L
4_lw,3_ld,2_rw,3_rd,L
4_lw,3_ld,2_rw,4_rd,L
4_lw,3_ld,2_rw,5_rd,L
4_lw,3_ld,3_rw,1_rd,L
4_lw,3_ld,3_rw,2_rd,L
4_lw,3_ld,3_rw,3_rd,L
4_lw,3_ld,3_rw,4_rd,B
4_lw,3_ld,3_rw,5_rd,R
4_lw,3_ld,4_rw,1_rd,L
4_lw,3_ld,4_rw,2_rd,L
4_lw,3_ld,4_rw,3_rd,B
4_lw,3_ld,4_rw,4_rd,R
4_lw,3_ld,4_rw,5_rd,R
4_lw,3_ld,5_rw,1_rd,L
4_lw,3_ld,5_rw,2_rd,L
4_lw,3_ld,5_rw,3_rd,R
4_lw,3_ld,5_rw,4_rd,R
4_lw,3_ld,5_rw,5_rd,R
4_lw,4_ld,1_rw,1_rd,L
4_lw,4_ld,1_rw,2_rd,L
4_lw,4_ld,1_rw,3_rd,L
4_lw,4_ld,1_rw,4_rd,L
4_lw,4_ld,1_rw,5_rd,L
4_lw,4_ld,2_rw,1_rd,L
4_lw,4_ld,2_rw,2_rd,L
4_lw,4_ld,2_rw,3_rd,L
4_lw,4_ld,2_rw,4_rd,L
4_lw,4_ld,2_rw,5_rd,L
4_lw,4_ld,3_rw,1_rd,L
4_lw,4_ld,3_rw,2_rd,L
4_lw,4_ld,3_rw,3_rd,L
4_lw,4_ld,3_rw,4_rd,L
4_lw,4_ld,3_rw,5_rd,L
4_lw,4_ld,4_rw,1_rd,L
4_lw,4_ld,4_rw,2_rd,L
4_lw,4_ld,4_rw,3_rd,L
4_lw,4_ld,4_rw,4_rd,B
4_lw,4_ld,4_rw,5_rd,R
4_lw,4_ld,5_rw,1_rd,L
4_lw,4_ld,5_rw,2_rd,L
4_lw,4_ld,5_rw,3_rd,L
4_lw,4_ld,5_rw,4_rd,R
4_lw,4_ld,5_rw,5_rd,R
4_lw,5_ld,1_rw,1_rd,L
4_lw,5_ld,1_rw,2_rd,L
4_lw,5_ld,1_rw,3_rd,L
4_lw,5_ld,1_rw,4_rd,L
4_lw,5_ld,1_rw,5_rd,L
4_lw,5_ld,2_rw,1_rd,L
4_lw,5_ld,2_rw,2_rd,L
4_lw,5_ld,2_rw,3_rd,L
4_lw,5_ld,2_rw,4_rd,L
4_lw,5_ld,2_rw,5_rd,L
4_lw,5_ld,3_rw,1_rd,L
4_lw,5_ld,3_rw,2_rd,L
4_lw,5_ld,3_rw,3_rd,L
4_lw,5_ld,3_rw,4_rd,L
4_lw,5_ld,3_rw,5_rd,L
4_lw,5_ld,4_rw,1_rd,L
4_lw,5_ld,4_rw,2_rd,L
4_lw,5_ld,4_rw,3_rd,L
4_lw,5_ld,4_rw,4_rd,L
4_lw,5_ld,4_rw,5_rd,B
4_lw,5_ld,5_rw,1_rd,L
4_lw,5_ld,5_rw,2_rd,L
4_lw,5_ld,5_rw,3_rd,L
4_lw,5_ld,5_rw,4_rd,B
4_lw,5_ld,5_rw,5_rd,R
5_lw,1_ld,1_rw,1_rd,L
5_lw,1_ld,1_rw,2_rd,L
5_lw,1_ld,1_rw,3_rd,L
5_lw,1_ld,1_rw,4_rd,L
5_lw,1_ld,1_rw,5_rd,B
5_lw,1_ld,2_rw,1_rd,L
5_lw,1_ld,2_rw,2_rd,L
5_lw,1_ld,2_rw,3_rd,R
5_lw,1_ld,2_rw,4_rd,R
5_lw,1_ld,2_rw,5_rd,R
5_lw,1_ld,3_rw,1_rd,L
5_lw,1_ld,3_rw,2_rd,R
5_lw,1_ld,3_rw,3_rd,R
5_lw,1_ld,3_rw,4_rd,R
5_lw,1_ld,3_rw,5_rd,R
5_lw,1_ld,4_rw,1_rd,L
5_lw,1_ld,4_rw,2_rd,R
5_lw,1_ld,4_rw,3_rd,R
5_lw,1_ld,4_rw,4_rd,R
5_lw,1_ld,4_rw,5_rd,R
5_lw,1_ld,5_rw,1_rd,B
5_lw,1_ld,5_rw,2_rd,R
5_lw,1_ld,5_rw,3_rd,R
5_lw,1_ld,5_rw,4_rd,R
5_lw,1_ld,5_rw,5_rd,R
5_lw,2_ld,1_rw,1_rd,L
5_lw,2_ld,1_rw,2_rd,L
5_lw,2_ld,1_rw,3_rd,L
5_lw,2_ld,1_rw,4_rd,L
5_lw,2_ld,1_rw,5_rd,L
5_lw,2_ld,2_rw,1_rd,L
5_lw,2_ld,2_rw,2_rd,L
5_lw,2_ld,2_rw,3_rd,L
5_lw,2_ld,2_rw,4_rd,L
5_lw,2_ld,2_rw,5_rd,B
5_lw,2_ld,3_rw,1_rd,L
5_lw,2_ld,3_rw,2_rd,L
5_lw,2_ld,3_rw,3_rd,L
5_lw,2_ld,3_rw,4_rd,R
5_lw,2_ld,3_rw,5_rd,R
5_lw,2_ld,4_rw,1_rd,L
5_lw,2_ld,4_rw,2_rd,L
5_lw,2_ld,4_rw,3_rd,R
5_lw,2_ld,4_rw,4_rd,R
5_lw,2_ld,4_rw,5_rd,R
5_lw,2_ld,5_rw,1_rd,L
5_lw,2_ld,5_rw,2_rd,B
5_lw,2_ld,5_rw,3_rd,R
5_lw,2_ld,5_rw,4_rd,R
5_lw,2_ld,5_rw,5_rd,R
5_lw,3_ld,1_rw,1_rd,L
5_lw,3_ld,1_rw,2_rd,L
5_lw,3_ld,1_rw,3_rd,L
5_lw,3_ld,1_rw,4_rd,L
5_lw,3_ld,1_rw,5_rd,L
5_lw,3_ld,2_rw,1_rd,L
5_lw,3_ld,2_rw,2_rd,L
5_lw,3_ld,2_rw,3_rd,L
5_lw,3_ld,2_rw,4_rd,L
5_lw,3_ld,2_rw,5_rd,L
5_lw,3_ld,3_rw,1_rd,L
5_lw,3_ld,3_rw,2_rd,L
5_lw,3_ld,3_rw,3_rd,L
5_lw,3_ld,3_rw,4_rd,L
5_lw,3_ld,3_rw,5_rd,B
5_lw,3_ld,4_rw,1_rd,L
5_lw,3_ld,4_rw,2_rd,L
5_lw,3_ld,4_rw,3_rd,L
5_lw,3_ld,4_rw,4_rd,R
5_lw,3_ld,4_rw,5_rd,R
5_lw,3_ld,5_rw,1_rd,L
5_lw,3_ld,5_rw,2_rd,L
5_lw,3_ld,5_rw,3_rd,B
5_lw,3_ld,5_rw,4_rd,R
5_lw,3_ld,5_rw,5_rd,R
5_lw,4_ld,1_rw,1_rd,L
5_lw,4_ld,1_rw,2_rd,L
5_lw,4_ld,1_rw,3_rd,L
5_lw,4_ld,1_rw,4_rd,L
5_lw,4_ld,1_rw,5_rd,L
5_lw,4_ld,2_rw,1_rd,L
5_lw,4_ld,2_rw,2_rd,L
5_lw,4_ld,2_rw,3_rd,L
5_lw,4_ld,2_rw,4_rd,L
5_lw,4_ld,2_rw,5_rd,L
5_lw,4_ld,3_rw,1_rd,L
5_lw,4_ld,3_rw,2_rd,L
5_lw,4_ld,3_rw,3_rd,L
5_lw,4_ld,3_rw,4_rd,L
5_lw,4_ld,3_rw,5_rd,L
5_lw,4_ld,4_rw,1_rd,L
5_lw,4_ld,4_rw,2_rd,L
5_lw,4_ld,4_rw,3_rd,L
5_lw,4_ld,4_rw,4_rd,L
5_lw,4_ld,4_rw,5_rd,B
5_lw,4_ld,5_rw,1_rd,L
5_lw,4_ld,5_rw,2_rd,L
5_lw,4_ld,5_rw,3_rd,L
5_lw,4_ld,5_rw,4_rd,B
5_lw,4_ld,5_rw,5_rd,R
5_lw,5_ld,1_rw,1_rd,L
5_lw,5_ld,1_rw,2_rd,L
5_lw,5_ld,1_rw,3_rd,L
5_lw,5_ld,1_rw,4_rd,L
5_lw,5_ld,1_rw,5_rd,L
5_lw,5_ld,2_rw,1_rd,L
5_lw,5_ld,2_rw,2_rd,L
5_lw,5_ld,2_rw,3_rd,L
5_lw,5_ld,2_rw,4_rd,L
5_lw,5_ld,2_rw,5_rd,L
5_lw,5_ld,3_rw,1_rd,L
5_lw,5_ld,3_rw,2_rd,L
5_lw,5_ld,3_rw,3_rd,L
5_lw,5_ld,3_rw,4_rd,L
5_lw,5_ld,3_rw,5_rd,L
5_lw,5_ld,4_rw,1_rd,L
5_lw,5_ld,4_rw,2_rd,L
5_lw,5_ld,4_rw,3_rd,L
5_lw,5_ld,4_rw,4_rd,L
5_lw,5_ld,4_rw,5_rd,L
5_lw,5_ld,5_rw,1_rd,L
5_lw,5_ld,5_rw,2_rd,L
5_lw,5_ld,5_rw,3_rd,L
5_lw,5_ld,5_rw,4_rd,L
5_lw,5_ld,5_rw,5_rd,B
