hobby2,age1,education1,marital2,1
hobby2,age1,education3,marital2,2
hobby3,age1,education4,marital1,3
hobby2,age4,education2,marital2,3
hobby1,age1,education3,marital4,3
hobby1,age1,education3,marital2,2
hobby3,age1,education3,marital2,2
hobby3,age4,education2,marital4,3
hobby2,age2,education1,marital1,1
hobby3,age2,education1,marital1,1
hobby1,age2,education1,marital1,1
hobby2,age2,education3,marital4,3
hobby1,age1,education2,marital1,1
hobby2,age1,education2,marital2,2
hobby2,age4,education1,marital4,3
hobby1,age1,education3,marital3,1
hobby3,age2,education1,marital2,2
hobby1,age2,education1,marital1,1
hobby3,age3,education2,marital1,1
hobby3,age1,education3,marital2,1
hobby1,age2,education2,marital1,2
hobby3,age2,education1,marital3,1
hobby2,age1,education2,marital1,1
hobby3,age2,education1,marital3,1
hobby2,age3,education2,marital1,1
hobby3,age2,education2,marital1,2
hobby3,age2,education1,marital3,2
hobby2,age1,education2,marital2,2
hobby1,age1,education3,marital2,1
hobby3,age2,education1,marital1,1
hobby1,age4,education1,marital1,3
hobby2,age2,education1,marital3,1
hobby1,age2,education1,marital3,2
hobby1,age1,education1,marital2,1
hobby2,age4,education3,marital1,3
hobby3,age1,education2,marital2,2
hobby1,age1,education2,marital2,2
hobby3,age2,education2,marital1,2
hobby1,age2,education1,marital2,2
hobby3,age4,education3,marital2,3
hobby2,age2,education2,marital1,2
hobby2,age2,education1,marital2,2
hobby3,age2,education1,marital3,2
hobby3,age2,education1,marital1,1
hobby3,age1,education2,marital1,1
hobby1,age2,education1,marital3,2
hobby2,age1,education1,marital2,1
hobby1,age1,education1,marital2,1
hobby1,age2,education2,marital3,2
hobby3,age3,education1,marital1,1
hobby3,age3,education3,marital1,1
hobby3,age2,education1,marital2,2
hobby3,age2,education1,marital2,2
hobby3,age1,education2,marital1,1
hobby1,age1,education1,marital2,1
hobby2,age1,education3,marital2,1
hobby2,age2,education2,marital1,2
hobby2,age1,education2,marital1,1
hobby2,age2,education1,marital3,1
hobby2,age1,education2,marital2,2
hobby1,age2,education4,marital2,3
hobby2,age2,education1,marital2,2
hobby1,age1,education2,marital4,3
hobby1,age3,education2,marital1,1
hobby2,age4,education4,marital2,3
hobby2,age3,education2,marital1,1
hobby3,age1,education2,marital2,2
hobby1,age1,education2,marital2,2
hobby1,age3,education2,marital4,3
hobby1,age1,education2,marital2,2
hobby3,age1,education4,marital2,3
hobby2,age1,education3,marital2,2
hobby1,age1,education3,marital2,2
hobby3,age1,education3,marital2,1
hobby1,age2,education4,marital4,3
hobby1,age4,education2,marital1,3
hobby2,age1,education2,marital1,1
hobby3,age4,education1,marital2,3
hobby2,age2,education1,marital1,1
hobby1,age1,education2,marital1,1
hobby2,age2,education4,marital3,3
hobby3,age1,education2,marital2,2
hobby1,age1,education3,marital2,1
hobby1,age2,education1,marital3,1
hobby1,age4,education4,marital1,3
hobby3,age3,education3,marital2,2
hobby2,age2,education1,marital3,2
hobby3,age3,education2,marital1,2
hobby1,age1,education1,marital3,1
hobby2,age2,education1,marital2,2
hobby2,age2,education2,marital1,2
hobby2,age3,education2,marital3,2
hobby1,age3,education2,marital1,2
hobby2,age2,education1,marital2,2
hobby1,age1,education1,marital2,1
hobby3,age2,education2,marital1,2
hobby3,age2,education1,marital1,1
hobby1,age1,education2,marital1,1
hobby3,age1,education4,marital4,3
hobby3,age3,education2,marital1,2
hobby2,age3,education2,marital1,2
hobby2,age1,education3,marital1,1
hobby1,age2,education1,marital2,2
hobby3,age1,education1,marital2,1
hobby2,age2,education4,marital1,3
hobby1,age2,education2,marital1,2
hobby2,age3,education2,marital1,2
hobby2,age2,education1,marital4,3
hobby1,age4,education2,marital3,3
hobby2,age2,education1,marital1,1
hobby1,age2,education1,marital1,1
hobby2,age2,education3,marital2,2
hobby1,age3,education2,marital1,1
hobby3,age1,education2,marital1,1
hobby3,age1,education1,marital2,1
hobby3,age3,education1,marital4,3
hobby2,age3,education4,marital1,3
hobby1,age2,education3,marital3,2
hobby3,age3,education2,marital2,2
hobby3,age3,education4,marital2,3
hobby1,age2,education2,marital1,2
hobby2,age1,education1,marital4,3
hobby3,age1,education2,marital2,2
hobby3,age2,education2,marital4,3
hobby2,age3,education1,marital3,1
hobby2,age1,education1,marital2,1
hobby3,age4,education1,marital3,3
hobby1,age1,education4,marital3,3
hobby2,age1,education2,marital1,1
hobby1,age2,education1,marital2,2
hobby1,age2,education2,marital1,2
hobby3,age1,education1,marital2,1
