young,myope,no,reduced,no contacts
young,myope,no,normal,soft contacts
young,myope,yes,reduced,no contacts
young,myope,yes,normal,hard contacts
young,hypermetrope,no,reduced,no contacts
young,hypermetrope,no,normal,soft contacts
young,hypermetrope,yes,reduced,no contacts
young,hypermetrope,yes,normal,hard contacts
pre-presbyopic,myope,no,reduced,no contacts
pre-presbyopic,myope,no,normal,soft contacts
pre-presbyopic,myope,yes,reduced,no contacts
pre-presbyopic,myope,yes,normal,hard contacts
pre-presbyopic,hypermetrope,no,reduced,no contacts
pre-presbyopic,hypermetrope,no,normal,soft contacts
pre-presbyopic,hypermetrope,yes,reduced,no contacts
pre-presbyopic,hypermetrope,yes,normal,no contacts
presbyopic,myope,no,reduced,no contacts
presbyopic,myope,no,normal,no contacts
presbyopic,myope,yes,reduced,no contacts
presbyopic,myope,yes,normal,hard contacts
presbyopic,hypermetrope,no,reduced,no contacts
presbyopic,hypermetrope,no,normal,soft contacts
presbyopic,hypermetrope,yes,reduced,no contacts
presbyopic,hypermetrope,yes,normal,no contacts
