displaced,yes_affere,no_c_lymph,no_s_lymph,no_by_pass,no_extra,no_regen,yes_early_uptake,1_lym_node_dimin,2_lym_node_enlar,oval,lacunar_defect_in_node,lac_central_changes_in_node,faint,no_special,no_dislocation,yes_exclusion,10_19,malign lymph
deformed,yes_affere,no_c_lymph,no_s_lymph,yes_by_pass,yes_extra,no_regen,yes_early_uptake,1_lym_node_dimin,3_lym_node_enlar,round,lacunar_defect_in_node,lac_marginal_changes_in_node,coarse,chalices,yes_dislocation,yes_exclusion,10_19,metastases
deformed,yes_affere,yes_c_lymph,yes_s_lymph,yes_by_pass,yes_extra,yes_regen,yes_early_uptake,1_lym_node_dimin,4_lym_node_enlar,round,lac_marginal_defect_in_node,lac_central_changes_in_node,faint,vesicles,yes_dislocation,yes_exclusion,60_69,malign lymph
deformed,no_affere,no_c_lymph,no_s_lymph,no_by_pass,yes_extra,no_regen,yes_early_uptake,1_lym_node_dimin,3_lym_node_enlar,round,lac_central_defect_in_node,lac_central_changes_in_node,coarse,vesicles,no_dislocation,yes_exclusion,50_59,malign lymph
deformed,no_affere,no_c_lymph,no_s_lymph,no_by_pass,no_extra,no_regen,no_early_uptake,1_lym_node_dimin,2_lym_node_enlar,oval,lac_central_defect_in_node,lac_marginal_changes_in_node,diluted,no_special,yes_dislocation,yes_exclusion,0_9,metastases
arched,no_affere,no_c_lymph,no_s_lymph,no_by_pass,no_extra,no_regen,yes_early_uptake,1_lym_node_dimin,3_lym_node_enlar,round,lac_marginal_defect_in_node,lac_marginal_changes_in_node,reticular,vesicles,no_dislocation,yes_exclusion,30_39,metastases
arched,yes_affere,no_c_lymph,no_s_lymph,no_by_pass,no_extra,no_regen,yes_early_uptake,1_lym_node_dimin,2_lym_node_enlar,round,lacunar_defect_in_node,lac_marginal_changes_in_node,faint,chalices,no_dislocation,no_exclusion,0_9,metastases
deformed,yes_affere,no_c_lymph,no_s_lymph,no_by_pass,yes_extra,no_regen,yes_early_uptake,1_lym_node_dimin,2_lym_node_enlar,oval,lacunar_defect_in_node,lacunar_changes_in_node,no_changes_in_stru,vesicles,no_dislocation,no_exclusion,0_9,metastases
arched,yes_affere,no_c_lymph,no_s_lymph,no_by_pass,no_extra,no_regen,yes_early_uptake,1_lym_node_dimin,3_lym_node_enlar,oval,lacunar_defect_in_node,lacunar_changes_in_node,faint,vesicles,no_dislocation,yes_exclusion,40_49,malign lymph
arched,no_affere,no_c_lymph,no_s_lymph,no_by_pass,no_extra,no_regen,yes_early_uptake,1_lym_node_dimin,2_lym_node_enlar,oval,lac_marginal_defect_in_node,lac_marginal_changes_in_node,diluted,vesicles,no_dislocation,no_exclusion,10_19,malign lymph
arched,yes_affere,yes_c_lymph,no_s_lymph,yes_by_pass,yes_extra,no_regen,yes_early_uptake,1_lym_node_dimin,3_lym_node_enlar,oval,lac_central_defect_in_node,lac_marginal_changes_in_node,diluted,no_special,yes_dislocation,yes_exclusion,20_29,metastases
displaced,yes_affere,no_c_lymph,no_s_lymph,no_by_pass,yes_extra,no_regen,no_early_uptake,1_lym_node_dimin,3_lym_node_enlar,round,lac_central_defect_in_node,lac_marginal_changes_in_node,faint,vesicles,yes_dislocation,yes_exclusion,10_19,metastases
displaced,yes_affere,no_c_lymph,no_s_lymph,no_by_pass,no_extra,no_regen,yes_early_uptake,1_lym_node_dimin,2_lym_node_enlar,oval,lacunar_defect_in_node,lacunar_changes_in_node,drop-like,chalices,no_dislocation,no_exclusion,0_9,metastases
displaced,no_affere,no_c_lymph,no_s_lymph,no_by_pass,yes_extra,no_regen,yes_early_uptake,1_lym_node_dimin,4_lym_node_enlar,oval,lacunar_defect_in_node,lac_central_changes_in_node,stripped,vesicles,yes_dislocation,yes_exclusion,10_19,malign lymph
deformed,yes_affere,yes_c_lymph,yes_s_lymph,yes_by_pass,yes_extra,yes_regen,yes_early_uptake,3_lym_node_dimin,1_lym_node_enlar,bean,lacunar_defect_in_node,lacunar_changes_in_node,faint,no_special,yes_dislocation,yes_exclusion,30_39,fibrosis
arched,yes_affere,no_c_lymph,no_s_lymph,no_by_pass,yes_extra,no_regen,yes_early_uptake,1_lym_node_dimin,2_lym_node_enlar,round,lac_marginal_defect_in_node,lac_marginal_changes_in_node,diluted,vesicles,yes_dislocation,yes_exclusion,10_19,metastases
deformed,yes_affere,no_c_lymph,no_s_lymph,no_by_pass,yes_extra,no_regen,yes_early_uptake,1_lym_node_dimin,2_lym_node_enlar,round,lac_marginal_defect_in_node,lac_marginal_changes_in_node,grainy,chalices,yes_dislocation,yes_exclusion,20_29,metastases
arched,yes_affere,no_c_lymph,no_s_lymph,no_by_pass,yes_extra,no_regen,no_early_uptake,1_lym_node_dimin,2_lym_node_enlar,oval,lacunar_defect_in_node,lac_marginal_changes_in_node,diluted,chalices,no_dislocation,yes_exclusion,10_19,metastases
deformed,no_affere,no_c_lymph,no_s_lymph,no_by_pass,no_extra,no_regen,yes_early_uptake,1_lym_node_dimin,2_lym_node_enlar,oval,lacunar_defect_in_node,lac_marginal_changes_in_node,grainy,no_special,yes_dislocation,yes_exclusion,0_9,metastases
arched,yes_affere,no_c_lymph,no_s_lymph,no_by_pass,no_extra,no_regen,yes_early_uptake,1_lym_node_dimin,3_lym_node_enlar,round,lac_marginal_defect_in_node,lac_marginal_changes_in_node,grainy,chalices,yes_dislocation,no_exclusion,0_9,metastases
deformed,no_affere,no_c_lymph,no_s_lymph,no_by_pass,no_extra,no_regen,yes_early_uptake,1_lym_node_dimin,2_lym_node_enlar,oval,lac_central_defect_in_node,lacunar_changes_in_node,coarse,vesicles,yes_dislocation,yes_exclusion,20_29,malign lymph
displaced,no_affere,no_c_lymph,no_s_lymph,yes_by_pass,yes_extra,no_regen,yes_early_uptake,1_lym_node_dimin,3_lym_node_enlar,round,lac_marginal_defect_in_node,lac_central_changes_in_node,diluted,vesicles,yes_dislocation,yes_exclusion,30_39,malign lymph
displaced,yes_affere,no_c_lymph,no_s_lymph,yes_by_pass,yes_extra,no_regen,yes_early_uptake,1_lym_node_dimin,4_lym_node_enlar,round,lac_central_defect_in_node,lac_marginal_changes_in_node,coarse,chalices,yes_dislocation,yes_exclusion,10_19,metastases
deformed,yes_affere,no_c_lymph,no_s_lymph,no_by_pass,no_extra,no_regen,yes_early_uptake,1_lym_node_dimin,2_lym_node_enlar,oval,lacunar_defect_in_node,lacunar_changes_in_node,diluted,no_special,no_dislocation,no_exclusion,0_9,metastases
deformed,no_affere,no_c_lymph,no_s_lymph,no_by_pass,no_extra,no_regen,yes_early_uptake,2_lym_node_dimin,1_lym_node_enlar,oval,lacunar_defect_in_node,lacunar_changes_in_node,faint,vesicles,no_dislocation,yes_exclusion,>=70,malign lymph
deformed,no_affere,no_c_lymph,no_s_lymph,no_by_pass,yes_extra,no_regen,no_early_uptake,1_lym_node_dimin,3_lym_node_enlar,oval,lac_marginal_defect_in_node,lac_marginal_changes_in_node,faint,vesicles,yes_dislocation,yes_exclusion,10_19,malign lymph
displaced,no_affere,no_c_lymph,no_s_lymph,no_by_pass,yes_extra,no_regen,yes_early_uptake,1_lym_node_dimin,3_lym_node_enlar,round,lac_central_defect_in_node,lacunar_changes_in_node,coarse,vesicles,yes_dislocation,yes_exclusion,30_39,malign lymph
displaced,no_affere,no_c_lymph,no_s_lymph,no_by_pass,no_extra,no_regen,yes_early_uptake,1_lym_node_dimin,3_lym_node_enlar,oval,lac_central_defect_in_node,lac_central_changes_in_node,faint,vesicles,yes_dislocation,yes_exclusion,0_9,malign lymph
displaced,yes_affere,no_c_lymph,no_s_lymph,no_by_pass,no_extra,no_regen,yes_early_uptake,1_lym_node_dimin,2_lym_node_enlar,oval,lacunar_defect_in_node,lac_marginal_changes_in_node,drop-like,chalices,yes_dislocation,yes_exclusion,0_9,metastases
deformed,no_affere,no_c_lymph,no_s_lymph,no_by_pass,no_extra,no_regen,no_early_uptake,1_lym_node_dimin,2_lym_node_enlar,oval,lac_central_defect_in_node,lacunar_changes_in_node,faint,chalices,yes_dislocation,yes_exclusion,0_9,malign lymph
displaced,yes_affere,no_c_lymph,no_s_lymph,no_by_pass,yes_extra,no_regen,yes_early_uptake,1_lym_node_dimin,4_lym_node_enlar,round,lac_marginal_defect_in_node,lac_marginal_changes_in_node,stripped,vesicles,yes_dislocation,yes_exclusion,20_29,malign lymph
arched,no_affere,no_c_lymph,no_s_lymph,no_by_pass,no_extra,no_regen,yes_early_uptake,1_lym_node_dimin,3_lym_node_enlar,oval,lac_marginal_defect_in_node,lac_marginal_changes_in_node,faint,vesicles,yes_dislocation,yes_exclusion,20_29,malign lymph
arched,no_affere,no_c_lymph,no_s_lymph,no_by_pass,no_extra,no_regen,no_early_uptake,1_lym_node_dimin,2_lym_node_enlar,round,lacunar_defect_in_node,lacunar_changes_in_node,faint,no_special,yes_dislocation,no_exclusion,0_9,metastases
arched,yes_affere,no_c_lymph,no_s_lymph,no_by_pass,no_extra,no_regen,no_early_uptake,1_lym_node_dimin,1_lym_node_enlar,oval,lacunar_defect_in_node,lac_marginal_changes_in_node,drop-like,no_special,no_dislocation,no_exclusion,0_9,metastases
displaced,yes_affere,no_c_lymph,no_s_lymph,yes_by_pass,yes_extra,no_regen,yes_early_uptake,1_lym_node_dimin,3_lym_node_enlar,round,lac_central_defect_in_node,lac_marginal_changes_in_node,coarse,vesicles,yes_dislocation,yes_exclusion,10_19,metastases
arched,yes_affere,yes_c_lymph,no_s_lymph,yes_by_pass,yes_extra,no_regen,yes_early_uptake,1_lym_node_dimin,3_lym_node_enlar,round,lac_marginal_defect_in_node,lac_marginal_changes_in_node,faint,vesicles,no_dislocation,yes_exclusion,10_19,metastases
deformed,no_affere,no_c_lymph,no_s_lymph,yes_by_pass,yes_extra,yes_regen,no_early_uptake,3_lym_node_dimin,1_lym_node_enlar,bean,lac_central_defect_in_node,lacunar_changes_in_node,diluted,vesicles,no_dislocation,yes_exclusion,30_39,fibrosis
deformed,no_affere,no_c_lymph,no_s_lymph,no_by_pass,yes_extra,no_regen,yes_early_uptake,1_lym_node_dimin,4_lym_node_enlar,round,lac_central_defect_in_node,lacunar_changes_in_node,coarse,vesicles,yes_dislocation,yes_exclusion,50_59,malign lymph
arched,no_affere,no_c_lymph,no_s_lymph,no_by_pass,no_extra,no_regen,yes_early_uptake,1_lym_node_dimin,3_lym_node_enlar,round,lacunar_defect_in_node,lac_marginal_changes_in_node,coarse,vesicles,yes_dislocation,yes_exclusion,10_19,malign lymph
arched,no_affere,no_c_lymph,no_s_lymph,no_by_pass,no_extra,no_regen,yes_early_uptake,1_lym_node_dimin,2_lym_node_enlar,oval,lacunar_defect_in_node,no_changes_in_node,stripped,no_special,yes_dislocation,yes_exclusion,10_19,malign lymph
arched,no_affere,no_c_lymph,no_s_lymph,no_by_pass,yes_extra,no_regen,yes_early_uptake,1_lym_node_dimin,2_lym_node_enlar,oval,lac_marginal_defect_in_node,lac_marginal_changes_in_node,drop-like,vesicles,no_dislocation,yes_exclusion,0_9,malign lymph
arched,yes_affere,yes_c_lymph,no_s_lymph,yes_by_pass,yes_extra,yes_regen,yes_early_uptake,1_lym_node_dimin,4_lym_node_enlar,oval,lacunar_defect_in_node,lacunar_changes_in_node,coarse,vesicles,yes_dislocation,yes_exclusion,50_59,malign lymph
deformed,yes_affere,yes_c_lymph,no_s_lymph,no_by_pass,yes_extra,no_regen,no_early_uptake,1_lym_node_dimin,3_lym_node_enlar,oval,lac_marginal_defect_in_node,lac_marginal_changes_in_node,coarse,vesicles,no_dislocation,yes_exclusion,10_19,metastases
displaced,yes_affere,no_c_lymph,no_s_lymph,yes_by_pass,no_extra,no_regen,yes_early_uptake,1_lym_node_dimin,3_lym_node_enlar,round,lac_marginal_defect_in_node,lac_marginal_changes_in_node,grainy,chalices,yes_dislocation,yes_exclusion,20_29,metastases
deformed,yes_affere,yes_c_lymph,yes_s_lymph,yes_by_pass,yes_extra,yes_regen,no_early_uptake,2_lym_node_dimin,2_lym_node_enlar,oval,lac_central_defect_in_node,lacunar_changes_in_node,coarse,vesicles,yes_dislocation,yes_exclusion,60_69,fibrosis
arched,no_affere,no_c_lymph,no_s_lymph,no_by_pass,no_extra,no_regen,yes_early_uptake,1_lym_node_dimin,2_lym_node_enlar,oval,lacunar_defect_in_node,lacunar_changes_in_node,faint,chalices,yes_dislocation,yes_exclusion,0_9,malign lymph
deformed,yes_affere,yes_c_lymph,no_s_lymph,yes_by_pass,no_extra,no_regen,yes_early_uptake,1_lym_node_dimin,2_lym_node_enlar,oval,lac_marginal_defect_in_node,lac_marginal_changes_in_node,faint,vesicles,no_dislocation,yes_exclusion,0_9,metastases
displaced,no_affere,no_c_lymph,no_s_lymph,no_by_pass,no_extra,no_regen,no_early_uptake,2_lym_node_dimin,1_lym_node_enlar,round,lac_central_defect_in_node,lacunar_changes_in_node,faint,no_special,yes_dislocation,yes_exclusion,0_9,metastases
deformed,yes_affere,yes_c_lymph,no_s_lymph,no_by_pass,yes_extra,no_regen,no_early_uptake,1_lym_node_dimin,2_lym_node_enlar,round,lac_marginal_defect_in_node,lac_marginal_changes_in_node,diluted,chalices,no_dislocation,yes_exclusion,10_19,metastases
arched,yes_affere,yes_c_lymph,no_s_lymph,no_by_pass,no_extra,no_regen,yes_early_uptake,1_lym_node_dimin,2_lym_node_enlar,oval,lac_central_defect_in_node,lac_marginal_changes_in_node,faint,chalices,yes_dislocation,yes_exclusion,10_19,metastases
arched,no_affere,no_c_lymph,no_s_lymph,no_by_pass,no_extra,no_regen,no_early_uptake,1_lym_node_dimin,1_lym_node_enlar,bean,lacunar_defect_in_node,lacunar_changes_in_node,drop-like,no_special,yes_dislocation,yes_exclusion,0_9,metastases
deformed,yes_affere,no_c_lymph,no_s_lymph,no_by_pass,yes_extra,no_regen,yes_early_uptake,1_lym_node_dimin,2_lym_node_enlar,oval,lacunar_defect_in_node,lac_central_changes_in_node,faint,vesicles,no_dislocation,yes_exclusion,20_29,malign lymph
deformed,no_affere,no_c_lymph,no_s_lymph,no_by_pass,no_extra,yes_regen,no_early_uptake,1_lym_node_dimin,2_lym_node_enlar,oval,lac_central_defect_in_node,lac_marginal_changes_in_node,diluted,chalices,no_dislocation,yes_exclusion,0_9,metastases
arched,yes_affere,no_c_lymph,no_s_lymph,yes_by_pass,yes_extra,no_regen,no_early_uptake,1_lym_node_dimin,3_lym_node_enlar,round,lac_central_defect_in_node,lac_marginal_changes_in_node,coarse,vesicles,no_dislocation,no_exclusion,0_9,metastases
arched,yes_affere,yes_c_lymph,no_s_lymph,yes_by_pass,yes_extra,no_regen,no_early_uptake,1_lym_node_dimin,2_lym_node_enlar,oval,lac_marginal_defect_in_node,lac_marginal_changes_in_node,coarse,chalices,no_dislocation,yes_exclusion,0_9,metastases
displaced,no_affere,no_c_lymph,no_s_lymph,no_by_pass,no_extra,no_regen,yes_early_uptake,1_lym_node_dimin,2_lym_node_enlar,oval,lac_marginal_defect_in_node,lac_marginal_changes_in_node,drop-like,vesicles,yes_dislocation,no_exclusion,0_9,malign lymph
arched,no_affere,no_c_lymph,no_s_lymph,no_by_pass,no_extra,no_regen,yes_early_uptake,1_lym_node_dimin,3_lym_node_enlar,oval,lac_central_defect_in_node,lacunar_changes_in_node,faint,vesicles,yes_dislocation,yes_exclusion,30_39,malign lymph
displaced,yes_affere,no_c_lymph,no_s_lymph,yes_by_pass,yes_extra,no_regen,yes_early_uptake,1_lym_node_dimin,2_lym_node_enlar,round,lacunar_defect_in_node,lac_marginal_changes_in_node,grainy,vesicles,yes_dislocation,yes_exclusion,30_39,metastases
displaced,yes_affere,yes_c_lymph,yes_s_lymph,yes_by_pass,yes_extra,yes_regen,yes_early_uptake,1_lym_node_dimin,4_lym_node_enlar,round,lac_central_defect_in_node,lac_central_changes_in_node,stripped,vesicles,yes_dislocation,yes_exclusion,>=70,malign lymph
arched,yes_affere,yes_c_lymph,no_s_lymph,yes_by_pass,yes_extra,no_regen,yes_early_uptake,1_lym_node_dimin,3_lym_node_enlar,round,lac_marginal_defect_in_node,lac_marginal_changes_in_node,faint,vesicles,yes_dislocation,yes_exclusion,10_19,metastases
displaced,no_affere,no_c_lymph,no_s_lymph,no_by_pass,no_extra,no_regen,yes_early_uptake,1_lym_node_dimin,4_lym_node_enlar,oval,lacunar_defect_in_node,lac_central_changes_in_node,stripped,vesicles,yes_dislocation,yes_exclusion,60_69,malign lymph
deformed,yes_affere,yes_c_lymph,no_s_lymph,yes_by_pass,yes_extra,no_regen,yes_early_uptake,1_lym_node_dimin,3_lym_node_enlar,oval,lacunar_defect_in_node,lac_marginal_changes_in_node,coarse,no_special,yes_dislocation,yes_exclusion,0_9,metastases
deformed,no_affere,no_c_lymph,no_s_lymph,no_by_pass,yes_extra,no_regen,yes_early_uptake,1_lym_node_dimin,4_lym_node_enlar,oval,lac_central_defect_in_node,lac_central_changes_in_node,grainy,vesicles,yes_dislocation,yes_exclusion,20_29,malign lymph
displaced,yes_affere,no_c_lymph,no_s_lymph,no_by_pass,yes_extra,no_regen,no_early_uptake,1_lym_node_dimin,2_lym_node_enlar,round,lacunar_defect_in_node,lac_marginal_changes_in_node,grainy,chalices,no_dislocation,no_exclusion,0_9,metastases
arched,yes_affere,no_c_lymph,no_s_lymph,no_by_pass,no_extra,no_regen,no_early_uptake,1_lym_node_dimin,2_lym_node_enlar,oval,lac_marginal_defect_in_node,lac_marginal_changes_in_node,diluted,chalices,yes_dislocation,yes_exclusion,0_9,metastases
displaced,no_affere,no_c_lymph,no_s_lymph,yes_by_pass,no_extra,yes_regen,yes_early_uptake,1_lym_node_dimin,3_lym_node_enlar,oval,lac_marginal_defect_in_node,lac_central_changes_in_node,diluted,vesicles,yes_dislocation,yes_exclusion,60_69,malign lymph
arched,no_affere,no_c_lymph,no_s_lymph,no_by_pass,no_extra,no_regen,yes_early_uptake,1_lym_node_dimin,4_lym_node_enlar,round,lac_central_defect_in_node,lac_central_changes_in_node,diluted,vesicles,yes_dislocation,yes_exclusion,40_49,malign lymph
deformed,yes_affere,yes_c_lymph,no_s_lymph,yes_by_pass,yes_extra,no_regen,no_early_uptake,1_lym_node_dimin,3_lym_node_enlar,round,lac_central_defect_in_node,lac_marginal_changes_in_node,coarse,chalices,yes_dislocation,yes_exclusion,20_29,metastases
arched,no_affere,no_c_lymph,no_s_lymph,no_by_pass,no_extra,no_regen,no_early_uptake,1_lym_node_dimin,2_lym_node_enlar,round,lacunar_defect_in_node,lac_marginal_changes_in_node,drop-like,chalices,yes_dislocation,no_exclusion,0_9,malign lymph
arched,no_affere,no_c_lymph,no_s_lymph,no_by_pass,no_extra,no_regen,yes_early_uptake,1_lym_node_dimin,3_lym_node_enlar,oval,lacunar_defect_in_node,lacunar_changes_in_node,reticular,vesicles,yes_dislocation,yes_exclusion,50_59,malign lymph
deformed,yes_affere,no_c_lymph,no_s_lymph,no_by_pass,yes_extra,no_regen,yes_early_uptake,1_lym_node_dimin,3_lym_node_enlar,round,lac_marginal_defect_in_node,lac_marginal_changes_in_node,coarse,vesicles,yes_dislocation,yes_exclusion,0_9,metastases
deformed,no_affere,no_c_lymph,no_s_lymph,no_by_pass,no_extra,no_regen,no_early_uptake,1_lym_node_dimin,2_lym_node_enlar,oval,lacunar_defect_in_node,lacunar_changes_in_node,diluted,no_special,no_dislocation,yes_exclusion,10_19,malign lymph
displaced,yes_affere,no_c_lymph,no_s_lymph,yes_by_pass,yes_extra,no_regen,no_early_uptake,1_lym_node_dimin,1_lym_node_enlar,round,lac_marginal_defect_in_node,lac_marginal_changes_in_node,drop-like,vesicles,yes_dislocation,yes_exclusion,20_29,metastases
deformed,no_affere,no_c_lymph,no_s_lymph,no_by_pass,no_extra,no_regen,yes_early_uptake,1_lym_node_dimin,4_lym_node_enlar,round,lac_marginal_defect_in_node,lac_central_changes_in_node,diluted,vesicles,yes_dislocation,yes_exclusion,20_29,malign lymph
arched,no_affere,no_c_lymph,no_s_lymph,no_by_pass,yes_extra,no_regen,no_early_uptake,1_lym_node_dimin,2_lym_node_enlar,oval,lacunar_defect_in_node,lacunar_changes_in_node,drop-like,no_special,no_dislocation,no_exclusion,0_9,malign lymph
displaced,yes_affere,yes_c_lymph,no_s_lymph,yes_by_pass,yes_extra,no_regen,yes_early_uptake,1_lym_node_dimin,3_lym_node_enlar,round,lac_central_defect_in_node,lac_marginal_changes_in_node,faint,chalices,yes_dislocation,yes_exclusion,20_29,metastases
displaced,yes_affere,yes_c_lymph,no_s_lymph,no_by_pass,no_extra,no_regen,yes_early_uptake,1_lym_node_dimin,2_lym_node_enlar,oval,lacunar_defect_in_node,lac_marginal_changes_in_node,drop-like,chalices,yes_dislocation,yes_exclusion,10_19,metastases
deformed,no_affere,no_c_lymph,no_s_lymph,yes_by_pass,no_extra,no_regen,yes_early_uptake,1_lym_node_dimin,2_lym_node_enlar,round,lac_marginal_defect_in_node,lac_marginal_changes_in_node,diluted,vesicles,no_dislocation,no_exclusion,0_9,metastases
normal,no_affere,no_c_lymph,no_s_lymph,no_by_pass,no_extra,no_regen,no_early_uptake,1_lym_node_dimin,1_lym_node_enlar,bean,no_defect_in_node,no_changes_in_node,no_changes_in_stru,no_special,no_dislocation,no_exclusion,0_9,normal find
deformed,yes_affere,no_c_lymph,no_s_lymph,no_by_pass,no_extra,no_regen,yes_early_uptake,1_lym_node_dimin,3_lym_node_enlar,oval,lacunar_defect_in_node,lac_central_changes_in_node,faint,vesicles,yes_dislocation,yes_exclusion,20_29,malign lymph
arched,yes_affere,no_c_lymph,no_s_lymph,no_by_pass,yes_extra,no_regen,yes_early_uptake,1_lym_node_dimin,3_lym_node_enlar,round,lac_marginal_defect_in_node,lac_central_changes_in_node,faint,vesicles,yes_dislocation,yes_exclusion,10_19,malign lymph
displaced,yes_affere,no_c_lymph,no_s_lymph,no_by_pass,no_extra,no_regen,no_early_uptake,1_lym_node_dimin,4_lym_node_enlar,round,lac_marginal_defect_in_node,lac_marginal_changes_in_node,coarse,chalices,yes_dislocation,no_exclusion,0_9,metastases
arched,no_affere,no_c_lymph,no_s_lymph,no_by_pass,no_extra,no_regen,yes_early_uptake,1_lym_node_dimin,3_lym_node_enlar,oval,lacunar_defect_in_node,lacunar_changes_in_node,faint,vesicles,yes_dislocation,yes_exclusion,40_49,malign lymph
arched,yes_affere,yes_c_lymph,no_s_lymph,yes_by_pass,yes_extra,yes_regen,yes_early_uptake,1_lym_node_dimin,3_lym_node_enlar,round,lac_central_defect_in_node,lac_central_changes_in_node,diluted,vesicles,yes_dislocation,yes_exclusion,40_49,malign lymph
displaced,no_affere,no_c_lymph,no_s_lymph,no_by_pass,yes_extra,no_regen,yes_early_uptake,1_lym_node_dimin,4_lym_node_enlar,round,lac_central_defect_in_node,lacunar_changes_in_node,diluted,vesicles,yes_dislocation,yes_exclusion,10_19,malign lymph
arched,yes_affere,no_c_lymph,no_s_lymph,yes_by_pass,yes_extra,no_regen,no_early_uptake,1_lym_node_dimin,2_lym_node_enlar,oval,lac_central_defect_in_node,lacunar_changes_in_node,faint,vesicles,yes_dislocation,yes_exclusion,0_9,metastases
arched,yes_affere,no_c_lymph,no_s_lymph,no_by_pass,no_extra,no_regen,yes_early_uptake,1_lym_node_dimin,2_lym_node_enlar,round,lac_marginal_defect_in_node,lac_marginal_changes_in_node,diluted,chalices,no_dislocation,yes_exclusion,0_9,metastases
arched,yes_affere,no_c_lymph,no_s_lymph,no_by_pass,no_extra,no_regen,yes_early_uptake,1_lym_node_dimin,2_lym_node_enlar,oval,lacunar_defect_in_node,lac_marginal_changes_in_node,faint,vesicles,no_dislocation,yes_exclusion,0_9,metastases
arched,yes_affere,no_c_lymph,no_s_lymph,no_by_pass,yes_extra,no_regen,yes_early_uptake,1_lym_node_dimin,3_lym_node_enlar,round,lac_central_defect_in_node,lacunar_changes_in_node,faint,vesicles,yes_dislocation,yes_exclusion,10_19,malign lymph
deformed,no_affere,no_c_lymph,no_s_lymph,no_by_pass,no_extra,no_regen,yes_early_uptake,1_lym_node_dimin,3_lym_node_enlar,oval,lacunar_defect_in_node,lacunar_changes_in_node,faint,no_special,no_dislocation,no_exclusion,0_9,metastases
displaced,yes_affere,yes_c_lymph,no_s_lymph,yes_by_pass,yes_extra,no_regen,yes_early_uptake,1_lym_node_dimin,1_lym_node_enlar,oval,lacunar_defect_in_node,no_changes_in_node,drop-like,no_special,yes_dislocation,yes_exclusion,10_19,malign lymph
arched,yes_affere,yes_c_lymph,no_s_lymph,no_by_pass,yes_extra,no_regen,no_early_uptake,1_lym_node_dimin,2_lym_node_enlar,round,lacunar_defect_in_node,lac_marginal_changes_in_node,drop-like,chalices,no_dislocation,no_exclusion,0_9,metastases
deformed,yes_affere,yes_c_lymph,no_s_lymph,yes_by_pass,yes_extra,no_regen,yes_early_uptake,1_lym_node_dimin,2_lym_node_enlar,round,lac_marginal_defect_in_node,lac_central_changes_in_node,grainy,chalices,yes_dislocation,no_exclusion,0_9,metastases
arched,no_affere,no_c_lymph,no_s_lymph,no_by_pass,no_extra,no_regen,no_early_uptake,1_lym_node_dimin,1_lym_node_enlar,oval,lacunar_defect_in_node,lac_marginal_changes_in_node,drop-like,no_special,yes_dislocation,yes_exclusion,0_9,metastases
arched,no_affere,no_c_lymph,no_s_lymph,no_by_pass,no_extra,no_regen,yes_early_uptake,1_lym_node_dimin,3_lym_node_enlar,oval,lac_central_defect_in_node,lac_central_changes_in_node,coarse,vesicles,yes_dislocation,yes_exclusion,40_49,malign lymph
arched,no_affere,no_c_lymph,no_s_lymph,no_by_pass,no_extra,no_regen,yes_early_uptake,1_lym_node_dimin,2_lym_node_enlar,oval,lac_central_defect_in_node,lacunar_changes_in_node,faint,vesicles,yes_dislocation,yes_exclusion,20_29,malign lymph
deformed,yes_affere,no_c_lymph,no_s_lymph,no_by_pass,no_extra,no_regen,no_early_uptake,1_lym_node_dimin,2_lym_node_enlar,oval,lac_marginal_defect_in_node,lac_marginal_changes_in_node,drop-like,vesicles,no_dislocation,no_exclusion,10_19,metastases
arched,yes_affere,no_c_lymph,no_s_lymph,no_by_pass,yes_extra,no_regen,yes_early_uptake,1_lym_node_dimin,2_lym_node_enlar,round,lacunar_defect_in_node,lacunar_changes_in_node,coarse,chalices,no_dislocation,no_exclusion,10_19,metastases
deformed,yes_affere,no_c_lymph,no_s_lymph,no_by_pass,no_extra,no_regen,no_early_uptake,1_lym_node_dimin,2_lym_node_enlar,oval,lac_marginal_defect_in_node,lac_marginal_changes_in_node,diluted,no_special,no_dislocation,no_exclusion,0_9,metastases
deformed,yes_affere,no_c_lymph,no_s_lymph,no_by_pass,yes_extra,no_regen,no_early_uptake,1_lym_node_dimin,2_lym_node_enlar,oval,lac_central_defect_in_node,lac_marginal_changes_in_node,coarse,no_special,yes_dislocation,yes_exclusion,10_19,metastases
arched,no_affere,no_c_lymph,no_s_lymph,no_by_pass,yes_extra,no_regen,yes_early_uptake,1_lym_node_dimin,3_lym_node_enlar,round,lac_central_defect_in_node,lacunar_changes_in_node,faint,vesicles,yes_dislocation,yes_exclusion,20_29,malign lymph
arched,yes_affere,no_c_lymph,no_s_lymph,no_by_pass,no_extra,no_regen,yes_early_uptake,1_lym_node_dimin,2_lym_node_enlar,oval,lac_marginal_defect_in_node,lac_marginal_changes_in_node,grainy,vesicles,yes_dislocation,yes_exclusion,10_19,metastases
arched,no_affere,no_c_lymph,no_s_lymph,no_by_pass,no_extra,no_regen,yes_early_uptake,1_lym_node_dimin,2_lym_node_enlar,oval,lacunar_defect_in_node,lacunar_changes_in_node,coarse,no_special,yes_dislocation,no_exclusion,10_19,metastases
deformed,yes_affere,no_c_lymph,no_s_lymph,yes_by_pass,yes_extra,no_regen,no_early_uptake,1_lym_node_dimin,2_lym_node_enlar,oval,lac_central_defect_in_node,lac_marginal_changes_in_node,grainy,no_special,yes_dislocation,yes_exclusion,20_29,metastases
displaced,no_affere,no_c_lymph,no_s_lymph,no_by_pass,no_extra,no_regen,yes_early_uptake,1_lym_node_dimin,3_lym_node_enlar,round,lacunar_defect_in_node,lacunar_changes_in_node,coarse,chalices,yes_dislocation,yes_exclusion,10_19,metastases
arched,yes_affere,no_c_lymph,no_s_lymph,no_by_pass,no_extra,no_regen,yes_early_uptake,1_lym_node_dimin,4_lym_node_enlar,round,lac_central_defect_in_node,lacunar_changes_in_node,stripped,vesicles,yes_dislocation,yes_exclusion,40_49,malign lymph
deformed,yes_affere,no_c_lymph,no_s_lymph,no_by_pass,no_extra,no_regen,yes_early_uptake,1_lym_node_dimin,2_lym_node_enlar,round,lac_marginal_defect_in_node,lac_marginal_changes_in_node,faint,chalices,yes_dislocation,yes_exclusion,0_9,metastases
arched,yes_affere,no_c_lymph,no_s_lymph,no_by_pass,yes_extra,no_regen,yes_early_uptake,1_lym_node_dimin,4_lym_node_enlar,round,lac_central_defect_in_node,lac_central_changes_in_node,faint,vesicles,yes_dislocation,yes_exclusion,60_69,malign lymph
deformed,yes_affere,no_c_lymph,no_s_lymph,no_by_pass,yes_extra,no_regen,no_early_uptake,1_lym_node_dimin,2_lym_node_enlar,round,lac_central_defect_in_node,lacunar_changes_in_node,coarse,no_special,no_dislocation,no_exclusion,0_9,metastases
arched,yes_affere,no_c_lymph,no_s_lymph,no_by_pass,no_extra,no_regen,yes_early_uptake,1_lym_node_dimin,2_lym_node_enlar,round,lac_marginal_defect_in_node,lac_marginal_changes_in_node,diluted,vesicles,no_dislocation,yes_exclusion,0_9,metastases
arched,no_affere,no_c_lymph,no_s_lymph,no_by_pass,no_extra,no_regen,no_early_uptake,1_lym_node_dimin,2_lym_node_enlar,round,lac_marginal_defect_in_node,lac_marginal_changes_in_node,faint,vesicles,no_dislocation,no_exclusion,0_9,metastases
displaced,no_affere,no_c_lymph,no_s_lymph,no_by_pass,yes_extra,no_regen,yes_early_uptake,1_lym_node_dimin,4_lym_node_enlar,round,lac_central_defect_in_node,lac_marginal_changes_in_node,drop-like,vesicles,yes_dislocation,yes_exclusion,40_49,malign lymph
arched,no_affere,no_c_lymph,no_s_lymph,no_by_pass,no_extra,no_regen,no_early_uptake,1_lym_node_dimin,2_lym_node_enlar,oval,lacunar_defect_in_node,lacunar_changes_in_node,faint,no_special,no_dislocation,no_exclusion,0_9,metastases
arched,no_affere,no_c_lymph,no_s_lymph,no_by_pass,yes_extra,no_regen,yes_early_uptake,1_lym_node_dimin,2_lym_node_enlar,oval,lacunar_defect_in_node,lacunar_changes_in_node,faint,chalices,no_dislocation,yes_exclusion,10_19,malign lymph
deformed,no_affere,no_c_lymph,no_s_lymph,no_by_pass,no_extra,no_regen,yes_early_uptake,1_lym_node_dimin,2_lym_node_enlar,oval,lac_central_defect_in_node,lac_central_changes_in_node,grainy,vesicles,yes_dislocation,no_exclusion,0_9,malign lymph
deformed,no_affere,no_c_lymph,no_s_lymph,no_by_pass,yes_extra,no_regen,yes_early_uptake,1_lym_node_dimin,2_lym_node_enlar,oval,lac_central_defect_in_node,lac_marginal_changes_in_node,faint,chalices,yes_dislocation,yes_exclusion,0_9,malign lymph
displaced,no_affere,no_c_lymph,no_s_lymph,no_by_pass,no_extra,no_regen,yes_early_uptake,1_lym_node_dimin,3_lym_node_enlar,oval,lacunar_defect_in_node,lac_central_changes_in_node,drop-like,chalices,yes_dislocation,no_exclusion,0_9,malign lymph
displaced,yes_affere,yes_c_lymph,no_s_lymph,no_by_pass,yes_extra,no_regen,yes_early_uptake,1_lym_node_dimin,2_lym_node_enlar,oval,lac_marginal_defect_in_node,lac_marginal_changes_in_node,faint,vesicles,yes_dislocation,yes_exclusion,10_19,metastases
arched,no_affere,no_c_lymph,no_s_lymph,no_by_pass,yes_extra,no_regen,yes_early_uptake,1_lym_node_dimin,3_lym_node_enlar,oval,lacunar_defect_in_node,lacunar_changes_in_node,coarse,vesicles,no_dislocation,yes_exclusion,40_49,malign lymph
displaced,yes_affere,no_c_lymph,no_s_lymph,yes_by_pass,yes_extra,no_regen,yes_early_uptake,1_lym_node_dimin,3_lym_node_enlar,round,lac_central_defect_in_node,lacunar_changes_in_node,diluted,vesicles,yes_dislocation,yes_exclusion,20_29,malign lymph
arched,no_affere,no_c_lymph,no_s_lymph,no_by_pass,no_extra,no_regen,no_early_uptake,1_lym_node_dimin,1_lym_node_enlar,oval,lac_central_defect_in_node,lac_marginal_changes_in_node,faint,chalices,yes_dislocation,yes_exclusion,10_19,metastases
arched,no_affere,no_c_lymph,no_s_lymph,no_by_pass,no_extra,no_regen,no_early_uptake,1_lym_node_dimin,2_lym_node_enlar,oval,lacunar_defect_in_node,lac_marginal_changes_in_node,faint,chalices,no_dislocation,yes_exclusion,0_9,metastases
arched,yes_affere,yes_c_lymph,yes_s_lymph,yes_by_pass,yes_extra,no_regen,no_early_uptake,1_lym_node_dimin,2_lym_node_enlar,oval,lac_central_defect_in_node,lac_marginal_changes_in_node,faint,chalices,yes_dislocation,yes_exclusion,20_29,metastases
deformed,no_affere,no_c_lymph,no_s_lymph,no_by_pass,no_extra,no_regen,no_early_uptake,1_lym_node_dimin,2_lym_node_enlar,round,lac_marginal_defect_in_node,lac_marginal_changes_in_node,coarse,vesicles,no_dislocation,yes_exclusion,10_19,metastases
displaced,yes_affere,no_c_lymph,no_s_lymph,no_by_pass,yes_extra,no_regen,no_early_uptake,1_lym_node_dimin,2_lym_node_enlar,oval,lac_marginal_defect_in_node,lac_marginal_changes_in_node,diluted,chalices,no_dislocation,yes_exclusion,0_9,metastases
deformed,no_affere,no_c_lymph,no_s_lymph,no_by_pass,yes_extra,no_regen,yes_early_uptake,1_lym_node_dimin,4_lym_node_enlar,oval,lacunar_defect_in_node,lacunar_changes_in_node,coarse,vesicles,yes_dislocation,yes_exclusion,60_69,malign lymph
arched,yes_affere,no_c_lymph,no_s_lymph,no_by_pass,no_extra,no_regen,yes_early_uptake,1_lym_node_dimin,3_lym_node_enlar,round,lac_marginal_defect_in_node,lac_marginal_changes_in_node,drop-like,chalices,no_dislocation,yes_exclusion,0_9,metastases
arched,yes_affere,no_c_lymph,no_s_lymph,no_by_pass,yes_extra,no_regen,yes_early_uptake,1_lym_node_dimin,2_lym_node_enlar,oval,lac_marginal_defect_in_node,lac_marginal_changes_in_node,coarse,chalices,no_dislocation,yes_exclusion,0_9,metastases
arched,no_affere,no_c_lymph,no_s_lymph,no_by_pass,yes_extra,no_regen,yes_early_uptake,1_lym_node_dimin,2_lym_node_enlar,oval,lacunar_defect_in_node,lac_central_changes_in_node,faint,no_special,yes_dislocation,yes_exclusion,10_19,malign lymph
deformed,yes_affere,no_c_lymph,no_s_lymph,no_by_pass,yes_extra,no_regen,yes_early_uptake,1_lym_node_dimin,3_lym_node_enlar,oval,lac_central_defect_in_node,lac_marginal_changes_in_node,coarse,chalices,yes_dislocation,yes_exclusion,10_19,metastases
arched,yes_affere,no_c_lymph,no_s_lymph,no_by_pass,no_extra,no_regen,yes_early_uptake,1_lym_node_dimin,4_lym_node_enlar,round,lac_central_defect_in_node,lacunar_changes_in_node,faint,chalices,no_dislocation,yes_exclusion,30_39,metastases
displaced,yes_affere,yes_c_lymph,yes_s_lymph,yes_by_pass,yes_extra,no_regen,yes_early_uptake,1_lym_node_dimin,4_lym_node_enlar,round,lac_central_defect_in_node,lac_central_changes_in_node,stripped,vesicles,yes_dislocation,yes_exclusion,50_59,malign lymph
displaced,no_affere,no_c_lymph,no_s_lymph,no_by_pass,no_extra,no_regen,yes_early_uptake,1_lym_node_dimin,4_lym_node_enlar,oval,lac_central_defect_in_node,lacunar_changes_in_node,faint,vesicles,yes_dislocation,yes_exclusion,50_59,malign lymph
deformed,yes_affere,no_c_lymph,no_s_lymph,no_by_pass,no_extra,no_regen,yes_early_uptake,1_lym_node_dimin,2_lym_node_enlar,round,lac_marginal_defect_in_node,lac_marginal_changes_in_node,diluted,chalices,yes_dislocation,no_exclusion,0_9,metastases
arched,yes_affere,no_c_lymph,no_s_lymph,no_by_pass,yes_extra,no_regen,yes_early_uptake,1_lym_node_dimin,2_lym_node_enlar,oval,lac_central_defect_in_node,lac_central_changes_in_node,diluted,vesicles,yes_dislocation,yes_exclusion,0_9,metastases
deformed,yes_affere,yes_c_lymph,yes_s_lymph,yes_by_pass,yes_extra,no_regen,yes_early_uptake,1_lym_node_dimin,2_lym_node_enlar,round,lac_marginal_defect_in_node,lac_marginal_changes_in_node,coarse,vesicles,yes_dislocation,yes_exclusion,60_69,metastases
normal,no_affere,no_c_lymph,no_s_lymph,no_by_pass,yes_extra,no_regen,yes_early_uptake,1_lym_node_dimin,2_lym_node_enlar,oval,no_defect_in_node,no_changes_in_node,grainy,no_special,no_dislocation,no_exclusion,10_19,normal find
arched,no_affere,no_c_lymph,no_s_lymph,no_by_pass,yes_extra,no_regen,yes_early_uptake,1_lym_node_dimin,3_lym_node_enlar,round,lacunar_defect_in_node,lacunar_changes_in_node,coarse,vesicles,yes_dislocation,yes_exclusion,50_59,malign lymph
arched,yes_affere,no_c_lymph,no_s_lymph,no_by_pass,no_extra,no_regen,no_early_uptake,1_lym_node_dimin,2_lym_node_enlar,round,lac_marginal_defect_in_node,lac_marginal_changes_in_node,drop-like,vesicles,no_dislocation,yes_exclusion,0_9,metastases
deformed,no_affere,no_c_lymph,no_s_lymph,yes_by_pass,yes_extra,yes_regen,no_early_uptake,3_lym_node_dimin,1_lym_node_enlar,bean,lacunar_defect_in_node,no_changes_in_node,diluted,vesicles,no_dislocation,no_exclusion,60_69,fibrosis
arched,yes_affere,no_c_lymph,no_s_lymph,no_by_pass,no_extra,no_regen,no_early_uptake,1_lym_node_dimin,2_lym_node_enlar,round,lac_marginal_defect_in_node,lac_marginal_changes_in_node,grainy,chalices,yes_dislocation,yes_exclusion,0_9,metastases
arched,no_affere,no_c_lymph,no_s_lymph,no_by_pass,no_extra,no_regen,yes_early_uptake,1_lym_node_dimin,2_lym_node_enlar,oval,lac_central_defect_in_node,lac_central_changes_in_node,faint,chalices,no_dislocation,yes_exclusion,10_19,malign lymph
arched,yes_affere,no_c_lymph,no_s_lymph,no_by_pass,yes_extra,no_regen,yes_early_uptake,1_lym_node_dimin,2_lym_node_enlar,round,lac_marginal_defect_in_node,lac_marginal_changes_in_node,diluted,vesicles,yes_dislocation,yes_exclusion,0_9,metastases
deformed,yes_affere,no_c_lymph,no_s_lymph,yes_by_pass,yes_extra,no_regen,yes_early_uptake,1_lym_node_dimin,2_lym_node_enlar,oval,lac_central_defect_in_node,lac_marginal_changes_in_node,diluted,chalices,yes_dislocation,yes_exclusion,30_39,malign lymph
arched,no_affere,no_c_lymph,no_s_lymph,no_by_pass,no_extra,no_regen,no_early_uptake,1_lym_node_dimin,1_lym_node_enlar,bean,no_defect_in_node,no_changes_in_node,drop-like,no_special,yes_dislocation,yes_exclusion,0_9,metastases
arched,yes_affere,no_c_lymph,no_s_lymph,no_by_pass,yes_extra,no_regen,yes_early_uptake,1_lym_node_dimin,3_lym_node_enlar,round,lac_marginal_defect_in_node,lac_marginal_changes_in_node,faint,vesicles,yes_dislocation,yes_exclusion,30_39,malign lymph
arched,no_affere,no_c_lymph,no_s_lymph,no_by_pass,no_extra,no_regen,yes_early_uptake,1_lym_node_dimin,2_lym_node_enlar,oval,lac_central_defect_in_node,lacunar_changes_in_node,grainy,no_special,yes_dislocation,yes_exclusion,0_9,metastases
arched,yes_affere,yes_c_lymph,no_s_lymph,yes_by_pass,yes_extra,no_regen,yes_early_uptake,1_lym_node_dimin,3_lym_node_enlar,round,lac_central_defect_in_node,lac_marginal_changes_in_node,coarse,vesicles,yes_dislocation,yes_exclusion,50_59,metastases
