x_tls,x_tms,x_trs,x_mls,o_mms,o_mrs,x_b_blsls,o_b_bmsms,o_b_brsrs,positive
x_tls,x_tms,x_trs,x_mls,o_mms,o_mrs,o_b_blsls,x_b_bmsms,o_b_brsrs,positive
x_tls,x_tms,x_trs,x_mls,o_mms,o_mrs,o_b_blsls,o_b_bmsms,x_b_brsrs,positive
x_tls,x_tms,x_trs,x_mls,o_mms,o_mrs,o_b_blsls,b_bms,b_brs,positive
x_tls,x_tms,x_trs,x_mls,o_mms,o_mrs,b_bls,o_b_bmsms,b_brs,positive
x_tls,x_tms,x_trs,x_mls,o_mms,o_mrs,b_bls,b_bms,o_b_brsrs,positive
x_tls,x_tms,x_trs,x_mls,o_mms,b_mrs,o_b_blsls,o_b_bmsms,b_brs,positive
x_tls,x_tms,x_trs,x_mls,o_mms,b_mrs,o_b_blsls,b_bms,o_b_brsrs,positive
x_tls,x_tms,x_trs,x_mls,o_mms,b_mrs,b_bls,o_b_bmsms,o_b_brsrs,positive
x_tls,x_tms,x_trs,x_mls,b_mms,o_mrs,o_b_blsls,o_b_bmsms,b_brs,positive
x_tls,x_tms,x_trs,x_mls,b_mms,o_mrs,o_b_blsls,b_bms,o_b_brsrs,positive
x_tls,x_tms,x_trs,x_mls,b_mms,o_mrs,b_bls,o_b_bmsms,o_b_brsrs,positive
x_tls,x_tms,x_trs,o_mls,x_mms,o_mrs,x_b_blsls,o_b_bmsms,o_b_brsrs,positive
x_tls,x_tms,x_trs,o_mls,x_mms,o_mrs,o_b_blsls,x_b_bmsms,o_b_brsrs,positive
x_tls,x_tms,x_trs,o_mls,x_mms,o_mrs,o_b_blsls,o_b_bmsms,x_b_brsrs,positive
x_tls,x_tms,x_trs,o_mls,x_mms,o_mrs,o_b_blsls,b_bms,b_brs,positive
x_tls,x_tms,x_trs,o_mls,x_mms,o_mrs,b_bls,o_b_bmsms,b_brs,positive
x_tls,x_tms,x_trs,o_mls,x_mms,o_mrs,b_bls,b_bms,o_b_brsrs,positive
x_tls,x_tms,x_trs,o_mls,x_mms,b_mrs,o_b_blsls,o_b_bmsms,b_brs,positive
x_tls,x_tms,x_trs,o_mls,x_mms,b_mrs,o_b_blsls,b_bms,o_b_brsrs,positive
x_tls,x_tms,x_trs,o_mls,x_mms,b_mrs,b_bls,o_b_bmsms,o_b_brsrs,positive
x_tls,x_tms,x_trs,o_mls,o_mms,x_mrs,x_b_blsls,o_b_bmsms,o_b_brsrs,positive
x_tls,x_tms,x_trs,o_mls,o_mms,x_mrs,o_b_blsls,x_b_bmsms,o_b_brsrs,positive
x_tls,x_tms,x_trs,o_mls,o_mms,x_mrs,o_b_blsls,o_b_bmsms,x_b_brsrs,positive
x_tls,x_tms,x_trs,o_mls,o_mms,x_mrs,o_b_blsls,b_bms,b_brs,positive
x_tls,x_tms,x_trs,o_mls,o_mms,x_mrs,b_bls,o_b_bmsms,b_brs,positive
x_tls,x_tms,x_trs,o_mls,o_mms,x_mrs,b_bls,b_bms,o_b_brsrs,positive
x_tls,x_tms,x_trs,o_mls,o_mms,b_mrs,x_b_blsls,o_b_bmsms,b_brs,positive
x_tls,x_tms,x_trs,o_mls,o_mms,b_mrs,x_b_blsls,b_bms,o_b_brsrs,positive
x_tls,x_tms,x_trs,o_mls,o_mms,b_mrs,o_b_blsls,x_b_bmsms,b_brs,positive
x_tls,x_tms,x_trs,o_mls,o_mms,b_mrs,o_b_blsls,b_bms,x_b_brsrs,positive
x_tls,x_tms,x_trs,o_mls,o_mms,b_mrs,b_bls,x_b_bmsms,o_b_brsrs,positive
x_tls,x_tms,x_trs,o_mls,o_mms,b_mrs,b_bls,o_b_bmsms,x_b_brsrs,positive
x_tls,x_tms,x_trs,o_mls,o_mms,b_mrs,b_bls,b_bms,b_brs,positive
x_tls,x_tms,x_trs,o_mls,b_mms,x_mrs,o_b_blsls,o_b_bmsms,b_brs,positive
x_tls,x_tms,x_trs,o_mls,b_mms,x_mrs,o_b_blsls,b_bms,o_b_brsrs,positive
x_tls,x_tms,x_trs,o_mls,b_mms,x_mrs,b_bls,o_b_bmsms,o_b_brsrs,positive
x_tls,x_tms,x_trs,o_mls,b_mms,o_mrs,x_b_blsls,o_b_bmsms,b_brs,positive
x_tls,x_tms,x_trs,o_mls,b_mms,o_mrs,x_b_blsls,b_bms,o_b_brsrs,positive
x_tls,x_tms,x_trs,o_mls,b_mms,o_mrs,o_b_blsls,x_b_bmsms,b_brs,positive
x_tls,x_tms,x_trs,o_mls,b_mms,o_mrs,o_b_blsls,b_bms,x_b_brsrs,positive
x_tls,x_tms,x_trs,o_mls,b_mms,o_mrs,b_bls,x_b_bmsms,o_b_brsrs,positive
x_tls,x_tms,x_trs,o_mls,b_mms,o_mrs,b_bls,o_b_bmsms,x_b_brsrs,positive
x_tls,x_tms,x_trs,o_mls,b_mms,o_mrs,b_bls,b_bms,b_brs,positive
x_tls,x_tms,x_trs,o_mls,b_mms,b_mrs,x_b_blsls,o_b_bmsms,o_b_brsrs,positive
x_tls,x_tms,x_trs,o_mls,b_mms,b_mrs,o_b_blsls,x_b_bmsms,o_b_brsrs,positive
x_tls,x_tms,x_trs,o_mls,b_mms,b_mrs,o_b_blsls,o_b_bmsms,x_b_brsrs,positive
x_tls,x_tms,x_trs,o_mls,b_mms,b_mrs,o_b_blsls,b_bms,b_brs,positive
x_tls,x_tms,x_trs,o_mls,b_mms,b_mrs,b_bls,o_b_bmsms,b_brs,positive
x_tls,x_tms,x_trs,o_mls,b_mms,b_mrs,b_bls,b_bms,o_b_brsrs,positive
x_tls,x_tms,x_trs,b_mls,x_mms,o_mrs,o_b_blsls,o_b_bmsms,b_brs,positive
x_tls,x_tms,x_trs,b_mls,x_mms,o_mrs,o_b_blsls,b_bms,o_b_brsrs,positive
x_tls,x_tms,x_trs,b_mls,x_mms,o_mrs,b_bls,o_b_bmsms,o_b_brsrs,positive
x_tls,x_tms,x_trs,b_mls,o_mms,x_mrs,o_b_blsls,o_b_bmsms,b_brs,positive
x_tls,x_tms,x_trs,b_mls,o_mms,x_mrs,o_b_blsls,b_bms,o_b_brsrs,positive
x_tls,x_tms,x_trs,b_mls,o_mms,x_mrs,b_bls,o_b_bmsms,o_b_brsrs,positive
x_tls,x_tms,x_trs,b_mls,o_mms,o_mrs,x_b_blsls,o_b_bmsms,b_brs,positive
x_tls,x_tms,x_trs,b_mls,o_mms,o_mrs,x_b_blsls,b_bms,o_b_brsrs,positive
x_tls,x_tms,x_trs,b_mls,o_mms,o_mrs,o_b_blsls,x_b_bmsms,b_brs,positive
x_tls,x_tms,x_trs,b_mls,o_mms,o_mrs,o_b_blsls,b_bms,x_b_brsrs,positive
x_tls,x_tms,x_trs,b_mls,o_mms,o_mrs,b_bls,x_b_bmsms,o_b_brsrs,positive
x_tls,x_tms,x_trs,b_mls,o_mms,o_mrs,b_bls,o_b_bmsms,x_b_brsrs,positive
x_tls,x_tms,x_trs,b_mls,o_mms,o_mrs,b_bls,b_bms,b_brs,positive
x_tls,x_tms,x_trs,b_mls,o_mms,b_mrs,x_b_blsls,o_b_bmsms,o_b_brsrs,positive
x_tls,x_tms,x_trs,b_mls,o_mms,b_mrs,o_b_blsls,x_b_bmsms,o_b_brsrs,positive
x_tls,x_tms,x_trs,b_mls,o_mms,b_mrs,o_b_blsls,o_b_bmsms,x_b_brsrs,positive
x_tls,x_tms,x_trs,b_mls,o_mms,b_mrs,o_b_blsls,b_bms,b_brs,positive
x_tls,x_tms,x_trs,b_mls,o_mms,b_mrs,b_bls,o_b_bmsms,b_brs,positive
x_tls,x_tms,x_trs,b_mls,o_mms,b_mrs,b_bls,b_bms,o_b_brsrs,positive
x_tls,x_tms,x_trs,b_mls,b_mms,o_mrs,x_b_blsls,o_b_bmsms,o_b_brsrs,positive
x_tls,x_tms,x_trs,b_mls,b_mms,o_mrs,o_b_blsls,x_b_bmsms,o_b_brsrs,positive
x_tls,x_tms,x_trs,b_mls,b_mms,o_mrs,o_b_blsls,o_b_bmsms,x_b_brsrs,positive
x_tls,x_tms,x_trs,b_mls,b_mms,o_mrs,o_b_blsls,b_bms,b_brs,positive
x_tls,x_tms,x_trs,b_mls,b_mms,o_mrs,b_bls,o_b_bmsms,b_brs,positive
x_tls,x_tms,x_trs,b_mls,b_mms,o_mrs,b_bls,b_bms,o_b_brsrs,positive
x_tls,x_tms,x_trs,b_mls,b_mms,b_mrs,o_b_blsls,o_b_bmsms,b_brs,positive
x_tls,x_tms,x_trs,b_mls,b_mms,b_mrs,o_b_blsls,b_bms,o_b_brsrs,positive
x_tls,x_tms,x_trs,b_mls,b_mms,b_mrs,b_bls,o_b_bmsms,o_b_brsrs,positive
x_tls,x_tms,o_trs,x_mls,x_mms,o_mrs,o_b_blsls,o_b_bmsms,x_b_brsrs,positive
x_tls,x_tms,o_trs,x_mls,o_mms,x_mrs,x_b_blsls,o_b_bmsms,o_b_brsrs,positive
x_tls,x_tms,o_trs,x_mls,o_mms,o_mrs,x_b_blsls,o_b_bmsms,x_b_brsrs,positive
x_tls,x_tms,o_trs,x_mls,o_mms,o_mrs,x_b_blsls,b_bms,b_brs,positive
x_tls,x_tms,o_trs,x_mls,o_mms,b_mrs,x_b_blsls,o_b_bmsms,b_brs,positive
x_tls,x_tms,o_trs,x_mls,o_mms,b_mrs,x_b_blsls,b_bms,o_b_brsrs,positive
x_tls,x_tms,o_trs,x_mls,b_mms,o_mrs,x_b_blsls,o_b_bmsms,b_brs,positive
x_tls,x_tms,o_trs,x_mls,b_mms,b_mrs,x_b_blsls,o_b_bmsms,o_b_brsrs,positive
x_tls,x_tms,o_trs,o_mls,x_mms,x_mrs,o_b_blsls,x_b_bmsms,o_b_brsrs,positive
x_tls,x_tms,o_trs,o_mls,x_mms,x_mrs,o_b_blsls,o_b_bmsms,x_b_brsrs,positive
x_tls,x_tms,o_trs,o_mls,x_mms,o_mrs,x_b_blsls,o_b_bmsms,x_b_brsrs,positive
x_tls,x_tms,o_trs,o_mls,x_mms,o_mrs,o_b_blsls,x_b_bmsms,x_b_brsrs,positive
x_tls,x_tms,o_trs,o_mls,x_mms,o_mrs,b_bls,x_b_bmsms,b_brs,positive
x_tls,x_tms,o_trs,o_mls,x_mms,o_mrs,b_bls,b_bms,x_b_brsrs,positive
x_tls,x_tms,o_trs,o_mls,x_mms,b_mrs,o_b_blsls,x_b_bmsms,b_brs,positive
x_tls,x_tms,o_trs,o_mls,x_mms,b_mrs,o_b_blsls,b_bms,x_b_brsrs,positive
x_tls,x_tms,o_trs,o_mls,x_mms,b_mrs,b_bls,x_b_bmsms,o_b_brsrs,positive
x_tls,x_tms,o_trs,o_mls,x_mms,b_mrs,b_bls,o_b_bmsms,x_b_brsrs,positive
x_tls,x_tms,o_trs,b_mls,x_mms,o_mrs,o_b_blsls,x_b_bmsms,b_brs,positive
x_tls,x_tms,o_trs,b_mls,x_mms,o_mrs,o_b_blsls,b_bms,x_b_brsrs,positive
x_tls,x_tms,o_trs,b_mls,x_mms,o_mrs,b_bls,o_b_bmsms,x_b_brsrs,positive
x_tls,x_tms,o_trs,b_mls,x_mms,b_mrs,o_b_blsls,x_b_bmsms,o_b_brsrs,positive
x_tls,x_tms,o_trs,b_mls,x_mms,b_mrs,o_b_blsls,o_b_bmsms,x_b_brsrs,positive
x_tls,x_tms,b_trs,x_mls,o_mms,o_mrs,x_b_blsls,o_b_bmsms,b_brs,positive
x_tls,x_tms,b_trs,x_mls,o_mms,o_mrs,x_b_blsls,b_bms,o_b_brsrs,positive
x_tls,x_tms,b_trs,x_mls,o_mms,b_mrs,x_b_blsls,o_b_bmsms,o_b_brsrs,positive
x_tls,x_tms,b_trs,x_mls,b_mms,o_mrs,x_b_blsls,o_b_bmsms,o_b_brsrs,positive
x_tls,x_tms,b_trs,o_mls,x_mms,o_mrs,o_b_blsls,x_b_bmsms,b_brs,positive
x_tls,x_tms,b_trs,o_mls,x_mms,o_mrs,o_b_blsls,b_bms,x_b_brsrs,positive
x_tls,x_tms,b_trs,o_mls,x_mms,o_mrs,b_bls,x_b_bmsms,o_b_brsrs,positive
x_tls,x_tms,b_trs,o_mls,x_mms,o_mrs,b_bls,o_b_bmsms,x_b_brsrs,positive
x_tls,x_tms,b_trs,o_mls,x_mms,b_mrs,o_b_blsls,x_b_bmsms,o_b_brsrs,positive
x_tls,x_tms,b_trs,o_mls,x_mms,b_mrs,o_b_blsls,o_b_bmsms,x_b_brsrs,positive
x_tls,x_tms,b_trs,b_mls,x_mms,o_mrs,o_b_blsls,x_b_bmsms,o_b_brsrs,positive
x_tls,x_tms,b_trs,b_mls,x_mms,o_mrs,o_b_blsls,o_b_bmsms,x_b_brsrs,positive
x_tls,o_tms,x_trs,x_mls,x_mms,o_mrs,x_b_blsls,o_b_bmsms,o_b_brsrs,positive
x_tls,o_tms,x_trs,x_mls,x_mms,o_mrs,o_b_blsls,o_b_bmsms,x_b_brsrs,positive
x_tls,o_tms,x_trs,x_mls,o_mms,o_mrs,x_b_blsls,x_b_bmsms,o_b_brsrs,positive
x_tls,o_tms,x_trs,x_mls,o_mms,o_mrs,x_b_blsls,b_bms,b_brs,positive
x_tls,o_tms,x_trs,x_mls,o_mms,b_mrs,x_b_blsls,b_bms,o_b_brsrs,positive
x_tls,o_tms,x_trs,x_mls,b_mms,o_mrs,x_b_blsls,o_b_bmsms,b_brs,positive
x_tls,o_tms,x_trs,x_mls,b_mms,o_mrs,x_b_blsls,b_bms,o_b_brsrs,positive
x_tls,o_tms,x_trs,x_mls,b_mms,b_mrs,x_b_blsls,o_b_bmsms,o_b_brsrs,positive
x_tls,o_tms,x_trs,o_mls,x_mms,x_mrs,x_b_blsls,o_b_bmsms,o_b_brsrs,positive
x_tls,o_tms,x_trs,o_mls,x_mms,x_mrs,o_b_blsls,o_b_bmsms,x_b_brsrs,positive
x_tls,o_tms,x_trs,o_mls,x_mms,o_mrs,x_b_blsls,x_b_bmsms,o_b_brsrs,positive
x_tls,o_tms,x_trs,o_mls,x_mms,o_mrs,x_b_blsls,o_b_bmsms,x_b_brsrs,positive
x_tls,o_tms,x_trs,o_mls,x_mms,o_mrs,x_b_blsls,b_bms,b_brs,positive
x_tls,o_tms,x_trs,o_mls,x_mms,o_mrs,o_b_blsls,x_b_bmsms,x_b_brsrs,positive
x_tls,o_tms,x_trs,o_mls,x_mms,o_mrs,b_bls,b_bms,x_b_brsrs,positive
x_tls,o_tms,x_trs,o_mls,x_mms,b_mrs,x_b_blsls,o_b_bmsms,b_brs,positive
x_tls,o_tms,x_trs,o_mls,x_mms,b_mrs,x_b_blsls,b_bms,o_b_brsrs,positive
x_tls,o_tms,x_trs,o_mls,x_mms,b_mrs,o_b_blsls,b_bms,x_b_brsrs,positive
x_tls,o_tms,x_trs,o_mls,x_mms,b_mrs,b_bls,o_b_bmsms,x_b_brsrs,positive
x_tls,o_tms,x_trs,o_mls,o_mms,x_mrs,o_b_blsls,x_b_bmsms,x_b_brsrs,positive
x_tls,o_tms,x_trs,o_mls,o_mms,x_mrs,b_bls,b_bms,x_b_brsrs,positive
x_tls,o_tms,x_trs,o_mls,b_mms,x_mrs,o_b_blsls,b_bms,x_b_brsrs,positive
x_tls,o_tms,x_trs,o_mls,b_mms,x_mrs,b_bls,o_b_bmsms,x_b_brsrs,positive
x_tls,o_tms,x_trs,b_mls,x_mms,o_mrs,x_b_blsls,o_b_bmsms,b_brs,positive
x_tls,o_tms,x_trs,b_mls,x_mms,o_mrs,x_b_blsls,b_bms,o_b_brsrs,positive
x_tls,o_tms,x_trs,b_mls,x_mms,o_mrs,o_b_blsls,b_bms,x_b_brsrs,positive
x_tls,o_tms,x_trs,b_mls,x_mms,o_mrs,b_bls,o_b_bmsms,x_b_brsrs,positive
x_tls,o_tms,x_trs,b_mls,x_mms,b_mrs,x_b_blsls,o_b_bmsms,o_b_brsrs,positive
x_tls,o_tms,x_trs,b_mls,x_mms,b_mrs,o_b_blsls,o_b_bmsms,x_b_brsrs,positive
x_tls,o_tms,x_trs,b_mls,o_mms,x_mrs,o_b_blsls,b_bms,x_b_brsrs,positive
x_tls,o_tms,x_trs,b_mls,b_mms,x_mrs,o_b_blsls,o_b_bmsms,x_b_brsrs,positive
x_tls,o_tms,o_trs,x_mls,x_mms,x_mrs,x_b_blsls,o_b_bmsms,o_b_brsrs,positive
x_tls,o_tms,o_trs,x_mls,x_mms,x_mrs,o_b_blsls,x_b_bmsms,o_b_brsrs,positive
x_tls,o_tms,o_trs,x_mls,x_mms,x_mrs,o_b_blsls,o_b_bmsms,x_b_brsrs,positive
x_tls,o_tms,o_trs,x_mls,x_mms,x_mrs,o_b_blsls,b_bms,b_brs,positive
x_tls,o_tms,o_trs,x_mls,x_mms,x_mrs,b_bls,o_b_bmsms,b_brs,positive
x_tls,o_tms,o_trs,x_mls,x_mms,x_mrs,b_bls,b_bms,o_b_brsrs,positive
x_tls,o_tms,o_trs,x_mls,x_mms,o_mrs,x_b_blsls,o_b_bmsms,x_b_brsrs,positive
x_tls,o_tms,o_trs,x_mls,x_mms,o_mrs,x_b_blsls,b_bms,b_brs,positive
x_tls,o_tms,o_trs,x_mls,x_mms,o_mrs,o_b_blsls,x_b_bmsms,x_b_brsrs,positive
x_tls,o_tms,o_trs,x_mls,x_mms,o_mrs,b_bls,b_bms,x_b_brsrs,positive
x_tls,o_tms,o_trs,x_mls,x_mms,b_mrs,x_b_blsls,o_b_bmsms,b_brs,positive
x_tls,o_tms,o_trs,x_mls,x_mms,b_mrs,x_b_blsls,b_bms,o_b_brsrs,positive
x_tls,o_tms,o_trs,x_mls,x_mms,b_mrs,o_b_blsls,b_bms,x_b_brsrs,positive
x_tls,o_tms,o_trs,x_mls,x_mms,b_mrs,b_bls,o_b_bmsms,x_b_brsrs,positive
x_tls,o_tms,o_trs,x_mls,o_mms,x_mrs,x_b_blsls,x_b_bmsms,o_b_brsrs,positive
x_tls,o_tms,o_trs,x_mls,o_mms,x_mrs,x_b_blsls,b_bms,b_brs,positive
x_tls,o_tms,o_trs,x_mls,o_mms,o_mrs,x_b_blsls,x_b_bmsms,x_b_brsrs,positive
x_tls,o_tms,o_trs,x_mls,o_mms,b_mrs,x_b_blsls,x_b_bmsms,b_brs,positive
x_tls,o_tms,o_trs,x_mls,o_mms,b_mrs,x_b_blsls,b_bms,x_b_brsrs,positive
x_tls,o_tms,o_trs,x_mls,b_mms,x_mrs,x_b_blsls,o_b_bmsms,b_brs,positive
x_tls,o_tms,o_trs,x_mls,b_mms,x_mrs,x_b_blsls,b_bms,o_b_brsrs,positive
x_tls,o_tms,o_trs,x_mls,b_mms,o_mrs,x_b_blsls,x_b_bmsms,b_brs,positive
x_tls,o_tms,o_trs,x_mls,b_mms,o_mrs,x_b_blsls,b_bms,x_b_brsrs,positive
x_tls,o_tms,o_trs,x_mls,b_mms,b_mrs,x_b_blsls,x_b_bmsms,o_b_brsrs,positive
x_tls,o_tms,o_trs,x_mls,b_mms,b_mrs,x_b_blsls,o_b_bmsms,x_b_brsrs,positive
x_tls,o_tms,o_trs,x_mls,b_mms,b_mrs,x_b_blsls,b_bms,b_brs,positive
x_tls,o_tms,o_trs,o_mls,x_mms,x_mrs,x_b_blsls,o_b_bmsms,x_b_brsrs,positive
x_tls,o_tms,o_trs,o_mls,x_mms,x_mrs,o_b_blsls,x_b_bmsms,x_b_brsrs,positive
x_tls,o_tms,o_trs,o_mls,x_mms,x_mrs,b_bls,b_bms,x_b_brsrs,positive
x_tls,o_tms,o_trs,o_mls,x_mms,o_mrs,x_b_blsls,x_b_bmsms,x_b_brsrs,positive
x_tls,o_tms,o_trs,o_mls,x_mms,b_mrs,x_b_blsls,b_bms,x_b_brsrs,positive
x_tls,o_tms,o_trs,o_mls,x_mms,b_mrs,b_bls,x_b_bmsms,x_b_brsrs,positive
x_tls,o_tms,o_trs,o_mls,o_mms,x_mrs,x_b_blsls,x_b_bmsms,x_b_brsrs,positive
x_tls,o_tms,o_trs,o_mls,b_mms,b_mrs,x_b_blsls,x_b_bmsms,x_b_brsrs,positive
x_tls,o_tms,o_trs,b_mls,x_mms,x_mrs,o_b_blsls,b_bms,x_b_brsrs,positive
x_tls,o_tms,o_trs,b_mls,x_mms,x_mrs,b_bls,o_b_bmsms,x_b_brsrs,positive
x_tls,o_tms,o_trs,b_mls,x_mms,o_mrs,x_b_blsls,b_bms,x_b_brsrs,positive
x_tls,o_tms,o_trs,b_mls,x_mms,o_mrs,b_bls,x_b_bmsms,x_b_brsrs,positive
x_tls,o_tms,o_trs,b_mls,x_mms,b_mrs,x_b_blsls,o_b_bmsms,x_b_brsrs,positive
x_tls,o_tms,o_trs,b_mls,x_mms,b_mrs,o_b_blsls,x_b_bmsms,x_b_brsrs,positive
x_tls,o_tms,o_trs,b_mls,x_mms,b_mrs,b_bls,b_bms,x_b_brsrs,positive
x_tls,o_tms,o_trs,b_mls,o_mms,b_mrs,x_b_blsls,x_b_bmsms,x_b_brsrs,positive
x_tls,o_tms,o_trs,b_mls,b_mms,o_mrs,x_b_blsls,x_b_bmsms,x_b_brsrs,positive
x_tls,o_tms,b_trs,x_mls,x_mms,x_mrs,o_b_blsls,o_b_bmsms,b_brs,positive
x_tls,o_tms,b_trs,x_mls,x_mms,x_mrs,o_b_blsls,b_bms,o_b_brsrs,positive
x_tls,o_tms,b_trs,x_mls,x_mms,x_mrs,b_bls,o_b_bmsms,o_b_brsrs,positive
x_tls,o_tms,b_trs,x_mls,x_mms,o_mrs,x_b_blsls,o_b_bmsms,b_brs,positive
x_tls,o_tms,b_trs,x_mls,x_mms,o_mrs,x_b_blsls,b_bms,o_b_brsrs,positive
x_tls,o_tms,b_trs,x_mls,x_mms,o_mrs,o_b_blsls,b_bms,x_b_brsrs,positive
x_tls,o_tms,b_trs,x_mls,x_mms,o_mrs,b_bls,o_b_bmsms,x_b_brsrs,positive
x_tls,o_tms,b_trs,x_mls,x_mms,b_mrs,x_b_blsls,o_b_bmsms,o_b_brsrs,positive
x_tls,o_tms,b_trs,x_mls,x_mms,b_mrs,o_b_blsls,o_b_bmsms,x_b_brsrs,positive
x_tls,o_tms,b_trs,x_mls,o_mms,x_mrs,x_b_blsls,b_bms,o_b_brsrs,positive
x_tls,o_tms,b_trs,x_mls,o_mms,o_mrs,x_b_blsls,x_b_bmsms,b_brs,positive
x_tls,o_tms,b_trs,x_mls,o_mms,o_mrs,x_b_blsls,b_bms,x_b_brsrs,positive
x_tls,o_tms,b_trs,x_mls,o_mms,b_mrs,x_b_blsls,x_b_bmsms,o_b_brsrs,positive
x_tls,o_tms,b_trs,x_mls,o_mms,b_mrs,x_b_blsls,b_bms,b_brs,positive
x_tls,o_tms,b_trs,x_mls,b_mms,x_mrs,x_b_blsls,o_b_bmsms,o_b_brsrs,positive
x_tls,o_tms,b_trs,x_mls,b_mms,o_mrs,x_b_blsls,x_b_bmsms,o_b_brsrs,positive
x_tls,o_tms,b_trs,x_mls,b_mms,o_mrs,x_b_blsls,o_b_bmsms,x_b_brsrs,positive
x_tls,o_tms,b_trs,x_mls,b_mms,o_mrs,x_b_blsls,b_bms,b_brs,positive
x_tls,o_tms,b_trs,x_mls,b_mms,b_mrs,x_b_blsls,o_b_bmsms,b_brs,positive
x_tls,o_tms,b_trs,x_mls,b_mms,b_mrs,x_b_blsls,b_bms,o_b_brsrs,positive
x_tls,o_tms,b_trs,o_mls,x_mms,x_mrs,o_b_blsls,b_bms,x_b_brsrs,positive
x_tls,o_tms,b_trs,o_mls,x_mms,x_mrs,b_bls,o_b_bmsms,x_b_brsrs,positive
x_tls,o_tms,b_trs,o_mls,x_mms,o_mrs,x_b_blsls,b_bms,x_b_brsrs,positive
x_tls,o_tms,b_trs,o_mls,x_mms,o_mrs,b_bls,x_b_bmsms,x_b_brsrs,positive
x_tls,o_tms,b_trs,o_mls,x_mms,b_mrs,x_b_blsls,o_b_bmsms,x_b_brsrs,positive
x_tls,o_tms,b_trs,o_mls,x_mms,b_mrs,o_b_blsls,x_b_bmsms,x_b_brsrs,positive
x_tls,o_tms,b_trs,o_mls,x_mms,b_mrs,b_bls,b_bms,x_b_brsrs,positive
x_tls,o_tms,b_trs,o_mls,o_mms,b_mrs,x_b_blsls,x_b_bmsms,x_b_brsrs,positive
x_tls,o_tms,b_trs,o_mls,b_mms,o_mrs,x_b_blsls,x_b_bmsms,x_b_brsrs,positive
x_tls,o_tms,b_trs,b_mls,x_mms,x_mrs,o_b_blsls,o_b_bmsms,x_b_brsrs,positive
x_tls,o_tms,b_trs,b_mls,x_mms,o_mrs,x_b_blsls,o_b_bmsms,x_b_brsrs,positive
x_tls,o_tms,b_trs,b_mls,x_mms,o_mrs,o_b_blsls,x_b_bmsms,x_b_brsrs,positive
x_tls,o_tms,b_trs,b_mls,x_mms,o_mrs,b_bls,b_bms,x_b_brsrs,positive
x_tls,o_tms,b_trs,b_mls,x_mms,b_mrs,o_b_blsls,b_bms,x_b_brsrs,positive
x_tls,o_tms,b_trs,b_mls,x_mms,b_mrs,b_bls,o_b_bmsms,x_b_brsrs,positive
x_tls,o_tms,b_trs,b_mls,o_mms,o_mrs,x_b_blsls,x_b_bmsms,x_b_brsrs,positive
x_tls,b_tms,x_trs,x_mls,o_mms,o_mrs,x_b_blsls,o_b_bmsms,b_brs,positive
x_tls,b_tms,x_trs,x_mls,o_mms,o_mrs,x_b_blsls,b_bms,o_b_brsrs,positive
x_tls,b_tms,x_trs,x_mls,o_mms,b_mrs,x_b_blsls,o_b_bmsms,o_b_brsrs,positive
x_tls,b_tms,x_trs,x_mls,b_mms,o_mrs,x_b_blsls,o_b_bmsms,o_b_brsrs,positive
x_tls,b_tms,x_trs,o_mls,x_mms,o_mrs,x_b_blsls,o_b_bmsms,b_brs,positive
x_tls,b_tms,x_trs,o_mls,x_mms,o_mrs,x_b_blsls,b_bms,o_b_brsrs,positive
x_tls,b_tms,x_trs,o_mls,x_mms,o_mrs,o_b_blsls,b_bms,x_b_brsrs,positive
x_tls,b_tms,x_trs,o_mls,x_mms,o_mrs,b_bls,o_b_bmsms,x_b_brsrs,positive
x_tls,b_tms,x_trs,o_mls,x_mms,b_mrs,x_b_blsls,o_b_bmsms,o_b_brsrs,positive
x_tls,b_tms,x_trs,o_mls,x_mms,b_mrs,o_b_blsls,o_b_bmsms,x_b_brsrs,positive
x_tls,b_tms,x_trs,o_mls,o_mms,x_mrs,o_b_blsls,b_bms,x_b_brsrs,positive
x_tls,b_tms,x_trs,o_mls,o_mms,x_mrs,b_bls,o_b_bmsms,x_b_brsrs,positive
x_tls,b_tms,x_trs,o_mls,b_mms,x_mrs,o_b_blsls,o_b_bmsms,x_b_brsrs,positive
x_tls,b_tms,x_trs,b_mls,x_mms,o_mrs,x_b_blsls,o_b_bmsms,o_b_brsrs,positive
x_tls,b_tms,x_trs,b_mls,x_mms,o_mrs,o_b_blsls,o_b_bmsms,x_b_brsrs,positive
x_tls,b_tms,x_trs,b_mls,o_mms,x_mrs,o_b_blsls,o_b_bmsms,x_b_brsrs,positive
x_tls,b_tms,o_trs,x_mls,x_mms,x_mrs,o_b_blsls,o_b_bmsms,b_brs,positive
x_tls,b_tms,o_trs,x_mls,x_mms,x_mrs,o_b_blsls,b_bms,o_b_brsrs,positive
x_tls,b_tms,o_trs,x_mls,x_mms,x_mrs,b_bls,o_b_bmsms,o_b_brsrs,positive
x_tls,b_tms,o_trs,x_mls,x_mms,o_mrs,x_b_blsls,o_b_bmsms,b_brs,positive
x_tls,b_tms,o_trs,x_mls,x_mms,o_mrs,o_b_blsls,b_bms,x_b_brsrs,positive
x_tls,b_tms,o_trs,x_mls,x_mms,o_mrs,b_bls,o_b_bmsms,x_b_brsrs,positive
x_tls,b_tms,o_trs,x_mls,x_mms,b_mrs,x_b_blsls,o_b_bmsms,o_b_brsrs,positive
x_tls,b_tms,o_trs,x_mls,x_mms,b_mrs,o_b_blsls,o_b_bmsms,x_b_brsrs,positive
x_tls,b_tms,o_trs,x_mls,o_mms,x_mrs,x_b_blsls,o_b_bmsms,b_brs,positive
x_tls,b_tms,o_trs,x_mls,o_mms,x_mrs,x_b_blsls,b_bms,o_b_brsrs,positive
x_tls,b_tms,o_trs,x_mls,o_mms,o_mrs,x_b_blsls,x_b_bmsms,b_brs,positive
x_tls,b_tms,o_trs,x_mls,o_mms,o_mrs,x_b_blsls,b_bms,x_b_brsrs,positive
x_tls,b_tms,o_trs,x_mls,o_mms,b_mrs,x_b_blsls,x_b_bmsms,o_b_brsrs,positive
x_tls,b_tms,o_trs,x_mls,o_mms,b_mrs,x_b_blsls,o_b_bmsms,x_b_brsrs,positive
x_tls,b_tms,o_trs,x_mls,o_mms,b_mrs,x_b_blsls,b_bms,b_brs,positive
x_tls,b_tms,o_trs,x_mls,b_mms,x_mrs,x_b_blsls,o_b_bmsms,o_b_brsrs,positive
x_tls,b_tms,o_trs,x_mls,b_mms,o_mrs,x_b_blsls,o_b_bmsms,x_b_brsrs,positive
x_tls,b_tms,o_trs,x_mls,b_mms,o_mrs,x_b_blsls,b_bms,b_brs,positive
x_tls,b_tms,o_trs,x_mls,b_mms,b_mrs,x_b_blsls,o_b_bmsms,b_brs,positive
x_tls,b_tms,o_trs,x_mls,b_mms,b_mrs,x_b_blsls,b_bms,o_b_brsrs,positive
x_tls,b_tms,o_trs,o_mls,x_mms,x_mrs,o_b_blsls,b_bms,x_b_brsrs,positive
x_tls,b_tms,o_trs,o_mls,x_mms,x_mrs,b_bls,o_b_bmsms,x_b_brsrs,positive
x_tls,b_tms,o_trs,o_mls,x_mms,o_mrs,x_b_blsls,b_bms,x_b_brsrs,positive
x_tls,b_tms,o_trs,o_mls,x_mms,o_mrs,b_bls,x_b_bmsms,x_b_brsrs,positive
x_tls,b_tms,o_trs,o_mls,x_mms,b_mrs,x_b_blsls,o_b_bmsms,x_b_brsrs,positive
x_tls,b_tms,o_trs,o_mls,x_mms,b_mrs,o_b_blsls,x_b_bmsms,x_b_brsrs,positive
x_tls,b_tms,o_trs,o_mls,x_mms,b_mrs,b_bls,b_bms,x_b_brsrs,positive
x_tls,b_tms,o_trs,o_mls,o_mms,b_mrs,x_b_blsls,x_b_bmsms,x_b_brsrs,positive
x_tls,b_tms,o_trs,o_mls,b_mms,o_mrs,x_b_blsls,x_b_bmsms,x_b_brsrs,positive
x_tls,b_tms,o_trs,b_mls,x_mms,x_mrs,o_b_blsls,o_b_bmsms,x_b_brsrs,positive
x_tls,b_tms,o_trs,b_mls,x_mms,o_mrs,x_b_blsls,o_b_bmsms,x_b_brsrs,positive
x_tls,b_tms,o_trs,b_mls,x_mms,o_mrs,o_b_blsls,x_b_bmsms,x_b_brsrs,positive
x_tls,b_tms,o_trs,b_mls,x_mms,o_mrs,b_bls,b_bms,x_b_brsrs,positive
x_tls,b_tms,o_trs,b_mls,x_mms,b_mrs,o_b_blsls,b_bms,x_b_brsrs,positive
x_tls,b_tms,o_trs,b_mls,x_mms,b_mrs,b_bls,o_b_bmsms,x_b_brsrs,positive
x_tls,b_tms,o_trs,b_mls,o_mms,o_mrs,x_b_blsls,x_b_bmsms,x_b_brsrs,positive
x_tls,b_tms,b_trs,x_mls,x_mms,o_mrs,x_b_blsls,o_b_bmsms,o_b_brsrs,positive
x_tls,b_tms,b_trs,x_mls,x_mms,o_mrs,o_b_blsls,o_b_bmsms,x_b_brsrs,positive
x_tls,b_tms,b_trs,x_mls,o_mms,x_mrs,x_b_blsls,o_b_bmsms,o_b_brsrs,positive
x_tls,b_tms,b_trs,x_mls,o_mms,o_mrs,x_b_blsls,x_b_bmsms,o_b_brsrs,positive
x_tls,b_tms,b_trs,x_mls,o_mms,o_mrs,x_b_blsls,o_b_bmsms,x_b_brsrs,positive
x_tls,b_tms,b_trs,x_mls,o_mms,o_mrs,x_b_blsls,b_bms,b_brs,positive
x_tls,b_tms,b_trs,x_mls,o_mms,b_mrs,x_b_blsls,o_b_bmsms,b_brs,positive
x_tls,b_tms,b_trs,x_mls,o_mms,b_mrs,x_b_blsls,b_bms,o_b_brsrs,positive
x_tls,b_tms,b_trs,x_mls,b_mms,o_mrs,x_b_blsls,o_b_bmsms,b_brs,positive
x_tls,b_tms,b_trs,x_mls,b_mms,o_mrs,x_b_blsls,b_bms,o_b_brsrs,positive
x_tls,b_tms,b_trs,x_mls,b_mms,b_mrs,x_b_blsls,o_b_bmsms,o_b_brsrs,positive
x_tls,b_tms,b_trs,o_mls,x_mms,x_mrs,o_b_blsls,o_b_bmsms,x_b_brsrs,positive
x_tls,b_tms,b_trs,o_mls,x_mms,o_mrs,x_b_blsls,o_b_bmsms,x_b_brsrs,positive
x_tls,b_tms,b_trs,o_mls,x_mms,o_mrs,o_b_blsls,x_b_bmsms,x_b_brsrs,positive
x_tls,b_tms,b_trs,o_mls,x_mms,o_mrs,b_bls,b_bms,x_b_brsrs,positive
x_tls,b_tms,b_trs,o_mls,x_mms,b_mrs,o_b_blsls,b_bms,x_b_brsrs,positive
x_tls,b_tms,b_trs,o_mls,x_mms,b_mrs,b_bls,o_b_bmsms,x_b_brsrs,positive
x_tls,b_tms,b_trs,b_mls,x_mms,o_mrs,o_b_blsls,b_bms,x_b_brsrs,positive
x_tls,b_tms,b_trs,b_mls,x_mms,o_mrs,b_bls,o_b_bmsms,x_b_brsrs,positive
x_tls,b_tms,b_trs,b_mls,x_mms,b_mrs,o_b_blsls,o_b_bmsms,x_b_brsrs,positive
o_tls,x_tms,x_trs,x_mls,x_mms,o_mrs,x_b_blsls,o_b_bmsms,o_b_brsrs,positive
o_tls,x_tms,x_trs,x_mls,x_mms,o_mrs,o_b_blsls,x_b_bmsms,o_b_brsrs,positive
o_tls,x_tms,x_trs,x_mls,o_mms,x_mrs,o_b_blsls,o_b_bmsms,x_b_brsrs,positive
o_tls,x_tms,x_trs,o_mls,x_mms,x_mrs,x_b_blsls,o_b_bmsms,o_b_brsrs,positive
o_tls,x_tms,x_trs,o_mls,x_mms,o_mrs,x_b_blsls,x_b_bmsms,o_b_brsrs,positive
o_tls,x_tms,x_trs,o_mls,x_mms,o_mrs,x_b_blsls,o_b_bmsms,x_b_brsrs,positive
o_tls,x_tms,x_trs,o_mls,x_mms,o_mrs,x_b_blsls,b_bms,b_brs,positive
o_tls,x_tms,x_trs,o_mls,x_mms,o_mrs,b_bls,x_b_bmsms,b_brs,positive
o_tls,x_tms,x_trs,o_mls,x_mms,b_mrs,x_b_blsls,o_b_bmsms,b_brs,positive
o_tls,x_tms,x_trs,o_mls,x_mms,b_mrs,x_b_blsls,b_bms,o_b_brsrs,positive
o_tls,x_tms,x_trs,o_mls,x_mms,b_mrs,b_bls,x_b_bmsms,o_b_brsrs,positive
o_tls,x_tms,x_trs,o_mls,o_mms,x_mrs,x_b_blsls,o_b_bmsms,x_b_brsrs,positive
o_tls,x_tms,x_trs,o_mls,o_mms,x_mrs,b_bls,b_bms,x_b_brsrs,positive
o_tls,x_tms,x_trs,o_mls,b_mms,x_mrs,b_bls,o_b_bmsms,x_b_brsrs,positive
o_tls,x_tms,x_trs,b_mls,x_mms,o_mrs,x_b_blsls,o_b_bmsms,b_brs,positive
o_tls,x_tms,x_trs,b_mls,x_mms,o_mrs,x_b_blsls,b_bms,o_b_brsrs,positive
o_tls,x_tms,x_trs,b_mls,x_mms,o_mrs,o_b_blsls,x_b_bmsms,b_brs,positive
o_tls,x_tms,x_trs,b_mls,x_mms,o_mrs,b_bls,x_b_bmsms,o_b_brsrs,positive
o_tls,x_tms,x_trs,b_mls,x_mms,b_mrs,x_b_blsls,o_b_bmsms,o_b_brsrs,positive
o_tls,x_tms,x_trs,b_mls,x_mms,b_mrs,o_b_blsls,x_b_bmsms,o_b_brsrs,positive
o_tls,x_tms,x_trs,b_mls,o_mms,x_mrs,o_b_blsls,b_bms,x_b_brsrs,positive
o_tls,x_tms,x_trs,b_mls,o_mms,x_mrs,b_bls,o_b_bmsms,x_b_brsrs,positive
o_tls,x_tms,x_trs,b_mls,b_mms,x_mrs,o_b_blsls,o_b_bmsms,x_b_brsrs,positive
o_tls,x_tms,o_trs,x_mls,x_mms,x_mrs,x_b_blsls,o_b_bmsms,o_b_brsrs,positive
o_tls,x_tms,o_trs,x_mls,x_mms,x_mrs,o_b_blsls,x_b_bmsms,o_b_brsrs,positive
o_tls,x_tms,o_trs,x_mls,x_mms,x_mrs,o_b_blsls,o_b_bmsms,x_b_brsrs,positive
o_tls,x_tms,o_trs,x_mls,x_mms,x_mrs,o_b_blsls,b_bms,b_brs,positive
o_tls,x_tms,o_trs,x_mls,x_mms,x_mrs,b_bls,o_b_bmsms,b_brs,positive
o_tls,x_tms,o_trs,x_mls,x_mms,x_mrs,b_bls,b_bms,o_b_brsrs,positive
o_tls,x_tms,o_trs,x_mls,x_mms,o_mrs,o_b_blsls,x_b_bmsms,x_b_brsrs,positive
o_tls,x_tms,o_trs,x_mls,x_mms,o_mrs,b_bls,x_b_bmsms,b_brs,positive
o_tls,x_tms,o_trs,x_mls,x_mms,b_mrs,o_b_blsls,x_b_bmsms,b_brs,positive
o_tls,x_tms,o_trs,x_mls,x_mms,b_mrs,b_bls,x_b_bmsms,o_b_brsrs,positive
o_tls,x_tms,o_trs,x_mls,o_mms,o_mrs,x_b_blsls,x_b_bmsms,x_b_brsrs,positive
o_tls,x_tms,o_trs,o_mls,x_mms,x_mrs,x_b_blsls,x_b_bmsms,o_b_brsrs,positive
o_tls,x_tms,o_trs,o_mls,x_mms,x_mrs,b_bls,x_b_bmsms,b_brs,positive
o_tls,x_tms,o_trs,o_mls,x_mms,o_mrs,x_b_blsls,x_b_bmsms,x_b_brsrs,positive
o_tls,x_tms,o_trs,o_mls,x_mms,b_mrs,x_b_blsls,x_b_bmsms,b_brs,positive
o_tls,x_tms,o_trs,o_mls,x_mms,b_mrs,b_bls,x_b_bmsms,x_b_brsrs,positive
o_tls,x_tms,o_trs,o_mls,o_mms,x_mrs,x_b_blsls,x_b_bmsms,x_b_brsrs,positive
o_tls,x_tms,o_trs,o_mls,b_mms,b_mrs,x_b_blsls,x_b_bmsms,x_b_brsrs,positive
o_tls,x_tms,o_trs,b_mls,x_mms,x_mrs,o_b_blsls,x_b_bmsms,b_brs,positive
o_tls,x_tms,o_trs,b_mls,x_mms,x_mrs,b_bls,x_b_bmsms,o_b_brsrs,positive
o_tls,x_tms,o_trs,b_mls,x_mms,o_mrs,x_b_blsls,x_b_bmsms,b_brs,positive
o_tls,x_tms,o_trs,b_mls,x_mms,o_mrs,b_bls,x_b_bmsms,x_b_brsrs,positive
o_tls,x_tms,o_trs,b_mls,x_mms,b_mrs,x_b_blsls,x_b_bmsms,o_b_brsrs,positive
o_tls,x_tms,o_trs,b_mls,x_mms,b_mrs,o_b_blsls,x_b_bmsms,x_b_brsrs,positive
o_tls,x_tms,o_trs,b_mls,x_mms,b_mrs,b_bls,x_b_bmsms,b_brs,positive
o_tls,x_tms,o_trs,b_mls,o_mms,b_mrs,x_b_blsls,x_b_bmsms,x_b_brsrs,positive
o_tls,x_tms,o_trs,b_mls,b_mms,o_mrs,x_b_blsls,x_b_bmsms,x_b_brsrs,positive
o_tls,x_tms,b_trs,x_mls,x_mms,x_mrs,o_b_blsls,o_b_bmsms,b_brs,positive
o_tls,x_tms,b_trs,x_mls,x_mms,x_mrs,o_b_blsls,b_bms,o_b_brsrs,positive
o_tls,x_tms,b_trs,x_mls,x_mms,x_mrs,b_bls,o_b_bmsms,o_b_brsrs,positive
o_tls,x_tms,b_trs,x_mls,x_mms,o_mrs,o_b_blsls,x_b_bmsms,b_brs,positive
o_tls,x_tms,b_trs,x_mls,x_mms,o_mrs,b_bls,x_b_bmsms,o_b_brsrs,positive
o_tls,x_tms,b_trs,x_mls,x_mms,b_mrs,o_b_blsls,x_b_bmsms,o_b_brsrs,positive
o_tls,x_tms,b_trs,o_mls,x_mms,x_mrs,b_bls,x_b_bmsms,o_b_brsrs,positive
o_tls,x_tms,b_trs,o_mls,x_mms,o_mrs,x_b_blsls,x_b_bmsms,b_brs,positive
o_tls,x_tms,b_trs,o_mls,x_mms,o_mrs,b_bls,x_b_bmsms,x_b_brsrs,positive
o_tls,x_tms,b_trs,o_mls,x_mms,b_mrs,x_b_blsls,x_b_bmsms,o_b_brsrs,positive
o_tls,x_tms,b_trs,o_mls,x_mms,b_mrs,b_bls,x_b_bmsms,b_brs,positive
o_tls,x_tms,b_trs,o_mls,o_mms,b_mrs,x_b_blsls,x_b_bmsms,x_b_brsrs,positive
o_tls,x_tms,b_trs,o_mls,b_mms,o_mrs,x_b_blsls,x_b_bmsms,x_b_brsrs,positive
o_tls,x_tms,b_trs,b_mls,x_mms,x_mrs,o_b_blsls,x_b_bmsms,o_b_brsrs,positive
o_tls,x_tms,b_trs,b_mls,x_mms,o_mrs,x_b_blsls,x_b_bmsms,o_b_brsrs,positive
o_tls,x_tms,b_trs,b_mls,x_mms,o_mrs,o_b_blsls,x_b_bmsms,x_b_brsrs,positive
o_tls,x_tms,b_trs,b_mls,x_mms,o_mrs,b_bls,x_b_bmsms,b_brs,positive
o_tls,x_tms,b_trs,b_mls,x_mms,b_mrs,o_b_blsls,x_b_bmsms,b_brs,positive
o_tls,x_tms,b_trs,b_mls,x_mms,b_mrs,b_bls,x_b_bmsms,o_b_brsrs,positive
o_tls,x_tms,b_trs,b_mls,o_mms,o_mrs,x_b_blsls,x_b_bmsms,x_b_brsrs,positive
o_tls,o_tms,x_trs,x_mls,x_mms,x_mrs,x_b_blsls,o_b_bmsms,o_b_brsrs,positive
o_tls,o_tms,x_trs,x_mls,x_mms,x_mrs,o_b_blsls,x_b_bmsms,o_b_brsrs,positive
o_tls,o_tms,x_trs,x_mls,x_mms,x_mrs,o_b_blsls,o_b_bmsms,x_b_brsrs,positive
o_tls,o_tms,x_trs,x_mls,x_mms,x_mrs,o_b_blsls,b_bms,b_brs,positive
o_tls,o_tms,x_trs,x_mls,x_mms,x_mrs,b_bls,o_b_bmsms,b_brs,positive
o_tls,o_tms,x_trs,x_mls,x_mms,x_mrs,b_bls,b_bms,o_b_brsrs,positive
o_tls,o_tms,x_trs,x_mls,x_mms,o_mrs,x_b_blsls,x_b_bmsms,o_b_brsrs,positive
o_tls,o_tms,x_trs,x_mls,x_mms,o_mrs,x_b_blsls,o_b_bmsms,x_b_brsrs,positive
o_tls,o_tms,x_trs,x_mls,x_mms,o_mrs,x_b_blsls,b_bms,b_brs,positive
o_tls,o_tms,x_trs,x_mls,x_mms,b_mrs,x_b_blsls,o_b_bmsms,b_brs,positive
o_tls,o_tms,x_trs,x_mls,x_mms,b_mrs,x_b_blsls,b_bms,o_b_brsrs,positive
o_tls,o_tms,x_trs,x_mls,o_mms,x_mrs,o_b_blsls,x_b_bmsms,x_b_brsrs,positive
o_tls,o_tms,x_trs,x_mls,o_mms,x_mrs,b_bls,b_bms,x_b_brsrs,positive
o_tls,o_tms,x_trs,x_mls,o_mms,o_mrs,x_b_blsls,x_b_bmsms,x_b_brsrs,positive
o_tls,o_tms,x_trs,x_mls,b_mms,x_mrs,o_b_blsls,b_bms,x_b_brsrs,positive
o_tls,o_tms,x_trs,x_mls,b_mms,x_mrs,b_bls,o_b_bmsms,x_b_brsrs,positive
o_tls,o_tms,x_trs,o_mls,x_mms,x_mrs,x_b_blsls,x_b_bmsms,o_b_brsrs,positive
o_tls,o_tms,x_trs,o_mls,x_mms,x_mrs,x_b_blsls,o_b_bmsms,x_b_brsrs,positive
o_tls,o_tms,x_trs,o_mls,x_mms,x_mrs,x_b_blsls,b_bms,b_brs,positive
o_tls,o_tms,x_trs,o_mls,x_mms,x_mrs,b_bls,b_bms,x_b_brsrs,positive
o_tls,o_tms,x_trs,o_mls,x_mms,o_mrs,x_b_blsls,x_b_bmsms,x_b_brsrs,positive
o_tls,o_tms,x_trs,o_mls,x_mms,b_mrs,x_b_blsls,x_b_bmsms,b_brs,positive
o_tls,o_tms,x_trs,o_mls,x_mms,b_mrs,x_b_blsls,b_bms,x_b_brsrs,positive
o_tls,o_tms,x_trs,o_mls,o_mms,x_mrs,x_b_blsls,x_b_bmsms,x_b_brsrs,positive
o_tls,o_tms,x_trs,o_mls,b_mms,x_mrs,x_b_blsls,b_bms,x_b_brsrs,positive
o_tls,o_tms,x_trs,o_mls,b_mms,x_mrs,b_bls,x_b_bmsms,x_b_brsrs,positive
o_tls,o_tms,x_trs,o_mls,b_mms,b_mrs,x_b_blsls,x_b_bmsms,x_b_brsrs,positive
o_tls,o_tms,x_trs,b_mls,x_mms,x_mrs,x_b_blsls,o_b_bmsms,b_brs,positive
o_tls,o_tms,x_trs,b_mls,x_mms,x_mrs,x_b_blsls,b_bms,o_b_brsrs,positive
o_tls,o_tms,x_trs,b_mls,x_mms,x_mrs,o_b_blsls,b_bms,x_b_brsrs,positive
o_tls,o_tms,x_trs,b_mls,x_mms,x_mrs,b_bls,o_b_bmsms,x_b_brsrs,positive
o_tls,o_tms,x_trs,b_mls,x_mms,o_mrs,x_b_blsls,x_b_bmsms,b_brs,positive
o_tls,o_tms,x_trs,b_mls,x_mms,o_mrs,x_b_blsls,b_bms,x_b_brsrs,positive
o_tls,o_tms,x_trs,b_mls,x_mms,b_mrs,x_b_blsls,x_b_bmsms,o_b_brsrs,positive
o_tls,o_tms,x_trs,b_mls,x_mms,b_mrs,x_b_blsls,o_b_bmsms,x_b_brsrs,positive
o_tls,o_tms,x_trs,b_mls,x_mms,b_mrs,x_b_blsls,b_bms,b_brs,positive
o_tls,o_tms,x_trs,b_mls,o_mms,x_mrs,x_b_blsls,b_bms,x_b_brsrs,positive
o_tls,o_tms,x_trs,b_mls,o_mms,x_mrs,b_bls,x_b_bmsms,x_b_brsrs,positive
o_tls,o_tms,x_trs,b_mls,o_mms,b_mrs,x_b_blsls,x_b_bmsms,x_b_brsrs,positive
o_tls,o_tms,x_trs,b_mls,b_mms,x_mrs,x_b_blsls,o_b_bmsms,x_b_brsrs,positive
o_tls,o_tms,x_trs,b_mls,b_mms,x_mrs,o_b_blsls,x_b_bmsms,x_b_brsrs,positive
o_tls,o_tms,x_trs,b_mls,b_mms,x_mrs,b_bls,b_bms,x_b_brsrs,positive
o_tls,o_tms,x_trs,b_mls,b_mms,o_mrs,x_b_blsls,x_b_bmsms,x_b_brsrs,positive
o_tls,o_tms,b_trs,x_mls,x_mms,x_mrs,x_b_blsls,o_b_bmsms,b_brs,positive
o_tls,o_tms,b_trs,x_mls,x_mms,x_mrs,x_b_blsls,b_bms,o_b_brsrs,positive
o_tls,o_tms,b_trs,x_mls,x_mms,x_mrs,o_b_blsls,x_b_bmsms,b_brs,positive
o_tls,o_tms,b_trs,x_mls,x_mms,x_mrs,o_b_blsls,b_bms,x_b_brsrs,positive
o_tls,o_tms,b_trs,x_mls,x_mms,x_mrs,b_bls,x_b_bmsms,o_b_brsrs,positive
o_tls,o_tms,b_trs,x_mls,x_mms,x_mrs,b_bls,o_b_bmsms,x_b_brsrs,positive
o_tls,o_tms,b_trs,x_mls,x_mms,x_mrs,b_bls,b_bms,b_brs,positive
o_tls,o_tms,b_trs,x_mls,o_mms,b_mrs,x_b_blsls,x_b_bmsms,x_b_brsrs,positive
o_tls,o_tms,b_trs,x_mls,b_mms,o_mrs,x_b_blsls,x_b_bmsms,x_b_brsrs,positive
o_tls,o_tms,b_trs,o_mls,x_mms,b_mrs,x_b_blsls,x_b_bmsms,x_b_brsrs,positive
o_tls,o_tms,b_trs,o_mls,b_mms,x_mrs,x_b_blsls,x_b_bmsms,x_b_brsrs,positive
o_tls,o_tms,b_trs,b_mls,x_mms,o_mrs,x_b_blsls,x_b_bmsms,x_b_brsrs,positive
o_tls,o_tms,b_trs,b_mls,o_mms,x_mrs,x_b_blsls,x_b_bmsms,x_b_brsrs,positive
o_tls,o_tms,b_trs,b_mls,b_mms,b_mrs,x_b_blsls,x_b_bmsms,x_b_brsrs,positive
o_tls,b_tms,x_trs,x_mls,x_mms,x_mrs,o_b_blsls,o_b_bmsms,b_brs,positive
o_tls,b_tms,x_trs,x_mls,x_mms,x_mrs,o_b_blsls,b_bms,o_b_brsrs,positive
o_tls,b_tms,x_trs,x_mls,x_mms,x_mrs,b_bls,o_b_bmsms,o_b_brsrs,positive
o_tls,b_tms,x_trs,x_mls,x_mms,o_mrs,x_b_blsls,o_b_bmsms,b_brs,positive
o_tls,b_tms,x_trs,x_mls,x_mms,o_mrs,x_b_blsls,b_bms,o_b_brsrs,positive
o_tls,b_tms,x_trs,x_mls,x_mms,b_mrs,x_b_blsls,o_b_bmsms,o_b_brsrs,positive
o_tls,b_tms,x_trs,x_mls,o_mms,x_mrs,o_b_blsls,b_bms,x_b_brsrs,positive
o_tls,b_tms,x_trs,x_mls,o_mms,x_mrs,b_bls,o_b_bmsms,x_b_brsrs,positive
o_tls,b_tms,x_trs,x_mls,b_mms,x_mrs,o_b_blsls,o_b_bmsms,x_b_brsrs,positive
o_tls,b_tms,x_trs,o_mls,x_mms,x_mrs,x_b_blsls,o_b_bmsms,b_brs,positive
o_tls,b_tms,x_trs,o_mls,x_mms,x_mrs,x_b_blsls,b_bms,o_b_brsrs,positive
o_tls,b_tms,x_trs,o_mls,x_mms,x_mrs,b_bls,o_b_bmsms,x_b_brsrs,positive
o_tls,b_tms,x_trs,o_mls,x_mms,o_mrs,x_b_blsls,x_b_bmsms,b_brs,positive
o_tls,b_tms,x_trs,o_mls,x_mms,o_mrs,x_b_blsls,b_bms,x_b_brsrs,positive
o_tls,b_tms,x_trs,o_mls,x_mms,b_mrs,x_b_blsls,x_b_bmsms,o_b_brsrs,positive
o_tls,b_tms,x_trs,o_mls,x_mms,b_mrs,x_b_blsls,o_b_bmsms,x_b_brsrs,positive
o_tls,b_tms,x_trs,o_mls,x_mms,b_mrs,x_b_blsls,b_bms,b_brs,positive
o_tls,b_tms,x_trs,o_mls,o_mms,x_mrs,x_b_blsls,b_bms,x_b_brsrs,positive
o_tls,b_tms,x_trs,o_mls,o_mms,x_mrs,b_bls,x_b_bmsms,x_b_brsrs,positive
o_tls,b_tms,x_trs,o_mls,o_mms,b_mrs,x_b_blsls,x_b_bmsms,x_b_brsrs,positive
o_tls,b_tms,x_trs,o_mls,b_mms,x_mrs,x_b_blsls,o_b_bmsms,x_b_brsrs,positive
o_tls,b_tms,x_trs,o_mls,b_mms,x_mrs,b_bls,b_bms,x_b_brsrs,positive
o_tls,b_tms,x_trs,o_mls,b_mms,o_mrs,x_b_blsls,x_b_bmsms,x_b_brsrs,positive
o_tls,b_tms,x_trs,b_mls,x_mms,x_mrs,x_b_blsls,o_b_bmsms,o_b_brsrs,positive
o_tls,b_tms,x_trs,b_mls,x_mms,x_mrs,o_b_blsls,o_b_bmsms,x_b_brsrs,positive
o_tls,b_tms,x_trs,b_mls,x_mms,o_mrs,x_b_blsls,x_b_bmsms,o_b_brsrs,positive
o_tls,b_tms,x_trs,b_mls,x_mms,o_mrs,x_b_blsls,o_b_bmsms,x_b_brsrs,positive
o_tls,b_tms,x_trs,b_mls,x_mms,o_mrs,x_b_blsls,b_bms,b_brs,positive
o_tls,b_tms,x_trs,b_mls,x_mms,b_mrs,x_b_blsls,o_b_bmsms,b_brs,positive
o_tls,b_tms,x_trs,b_mls,x_mms,b_mrs,x_b_blsls,b_bms,o_b_brsrs,positive
o_tls,b_tms,x_trs,b_mls,o_mms,x_mrs,x_b_blsls,o_b_bmsms,x_b_brsrs,positive
o_tls,b_tms,x_trs,b_mls,o_mms,x_mrs,o_b_blsls,x_b_bmsms,x_b_brsrs,positive
o_tls,b_tms,x_trs,b_mls,o_mms,x_mrs,b_bls,b_bms,x_b_brsrs,positive
o_tls,b_tms,x_trs,b_mls,o_mms,o_mrs,x_b_blsls,x_b_bmsms,x_b_brsrs,positive
o_tls,b_tms,x_trs,b_mls,b_mms,x_mrs,o_b_blsls,b_bms,x_b_brsrs,positive
o_tls,b_tms,x_trs,b_mls,b_mms,x_mrs,b_bls,o_b_bmsms,x_b_brsrs,positive
o_tls,b_tms,o_trs,x_mls,x_mms,x_mrs,x_b_blsls,o_b_bmsms,b_brs,positive
o_tls,b_tms,o_trs,x_mls,x_mms,x_mrs,x_b_blsls,b_bms,o_b_brsrs,positive
o_tls,b_tms,o_trs,x_mls,x_mms,x_mrs,o_b_blsls,x_b_bmsms,b_brs,positive
o_tls,b_tms,o_trs,x_mls,x_mms,x_mrs,o_b_blsls,b_bms,x_b_brsrs,positive
o_tls,b_tms,o_trs,x_mls,x_mms,x_mrs,b_bls,x_b_bmsms,o_b_brsrs,positive
o_tls,b_tms,o_trs,x_mls,x_mms,x_mrs,b_bls,o_b_bmsms,x_b_brsrs,positive
o_tls,b_tms,o_trs,x_mls,x_mms,x_mrs,b_bls,b_bms,b_brs,positive
o_tls,b_tms,o_trs,x_mls,o_mms,b_mrs,x_b_blsls,x_b_bmsms,x_b_brsrs,positive
o_tls,b_tms,o_trs,x_mls,b_mms,o_mrs,x_b_blsls,x_b_bmsms,x_b_brsrs,positive
o_tls,b_tms,o_trs,o_mls,x_mms,b_mrs,x_b_blsls,x_b_bmsms,x_b_brsrs,positive
o_tls,b_tms,o_trs,o_mls,b_mms,x_mrs,x_b_blsls,x_b_bmsms,x_b_brsrs,positive
o_tls,b_tms,o_trs,b_mls,x_mms,o_mrs,x_b_blsls,x_b_bmsms,x_b_brsrs,positive
o_tls,b_tms,o_trs,b_mls,o_mms,x_mrs,x_b_blsls,x_b_bmsms,x_b_brsrs,positive
o_tls,b_tms,o_trs,b_mls,b_mms,b_mrs,x_b_blsls,x_b_bmsms,x_b_brsrs,positive
o_tls,b_tms,b_trs,x_mls,x_mms,x_mrs,x_b_blsls,o_b_bmsms,o_b_brsrs,positive
o_tls,b_tms,b_trs,x_mls,x_mms,x_mrs,o_b_blsls,x_b_bmsms,o_b_brsrs,positive
o_tls,b_tms,b_trs,x_mls,x_mms,x_mrs,o_b_blsls,o_b_bmsms,x_b_brsrs,positive
o_tls,b_tms,b_trs,x_mls,x_mms,x_mrs,o_b_blsls,b_bms,b_brs,positive
o_tls,b_tms,b_trs,x_mls,x_mms,x_mrs,b_bls,o_b_bmsms,b_brs,positive
o_tls,b_tms,b_trs,x_mls,x_mms,x_mrs,b_bls,b_bms,o_b_brsrs,positive
o_tls,b_tms,b_trs,x_mls,o_mms,o_mrs,x_b_blsls,x_b_bmsms,x_b_brsrs,positive
o_tls,b_tms,b_trs,o_mls,x_mms,o_mrs,x_b_blsls,x_b_bmsms,x_b_brsrs,positive
o_tls,b_tms,b_trs,o_mls,o_mms,x_mrs,x_b_blsls,x_b_bmsms,x_b_brsrs,positive
o_tls,b_tms,b_trs,o_mls,b_mms,b_mrs,x_b_blsls,x_b_bmsms,x_b_brsrs,positive
o_tls,b_tms,b_trs,b_mls,o_mms,b_mrs,x_b_blsls,x_b_bmsms,x_b_brsrs,positive
o_tls,b_tms,b_trs,b_mls,b_mms,o_mrs,x_b_blsls,x_b_bmsms,x_b_brsrs,positive
b_tls,x_tms,x_trs,o_mls,x_mms,o_mrs,x_b_blsls,o_b_bmsms,b_brs,positive
b_tls,x_tms,x_trs,o_mls,x_mms,o_mrs,x_b_blsls,b_bms,o_b_brsrs,positive
b_tls,x_tms,x_trs,o_mls,x_mms,o_mrs,o_b_blsls,x_b_bmsms,b_brs,positive
b_tls,x_tms,x_trs,o_mls,x_mms,o_mrs,b_bls,x_b_bmsms,o_b_brsrs,positive
b_tls,x_tms,x_trs,o_mls,x_mms,b_mrs,x_b_blsls,o_b_bmsms,o_b_brsrs,positive
b_tls,x_tms,x_trs,o_mls,x_mms,b_mrs,o_b_blsls,x_b_bmsms,o_b_brsrs,positive
b_tls,x_tms,x_trs,o_mls,o_mms,x_mrs,o_b_blsls,b_bms,x_b_brsrs,positive
b_tls,x_tms,x_trs,o_mls,o_mms,x_mrs,b_bls,o_b_bmsms,x_b_brsrs,positive
b_tls,x_tms,x_trs,o_mls,b_mms,x_mrs,o_b_blsls,o_b_bmsms,x_b_brsrs,positive
b_tls,x_tms,x_trs,b_mls,x_mms,o_mrs,x_b_blsls,o_b_bmsms,o_b_brsrs,positive
b_tls,x_tms,x_trs,b_mls,x_mms,o_mrs,o_b_blsls,x_b_bmsms,o_b_brsrs,positive
b_tls,x_tms,x_trs,b_mls,o_mms,x_mrs,o_b_blsls,o_b_bmsms,x_b_brsrs,positive
b_tls,x_tms,o_trs,x_mls,x_mms,x_mrs,o_b_blsls,o_b_bmsms,b_brs,positive
b_tls,x_tms,o_trs,x_mls,x_mms,x_mrs,o_b_blsls,b_bms,o_b_brsrs,positive
b_tls,x_tms,o_trs,x_mls,x_mms,x_mrs,b_bls,o_b_bmsms,o_b_brsrs,positive
b_tls,x_tms,o_trs,x_mls,x_mms,o_mrs,o_b_blsls,x_b_bmsms,b_brs,positive
b_tls,x_tms,o_trs,x_mls,x_mms,b_mrs,o_b_blsls,x_b_bmsms,o_b_brsrs,positive
b_tls,x_tms,o_trs,o_mls,x_mms,x_mrs,o_b_blsls,x_b_bmsms,b_brs,positive
b_tls,x_tms,o_trs,o_mls,x_mms,x_mrs,b_bls,x_b_bmsms,o_b_brsrs,positive
b_tls,x_tms,o_trs,o_mls,x_mms,o_mrs,x_b_blsls,x_b_bmsms,b_brs,positive
b_tls,x_tms,o_trs,o_mls,x_mms,o_mrs,b_bls,x_b_bmsms,x_b_brsrs,positive
b_tls,x_tms,o_trs,o_mls,x_mms,b_mrs,x_b_blsls,x_b_bmsms,o_b_brsrs,positive
b_tls,x_tms,o_trs,o_mls,x_mms,b_mrs,o_b_blsls,x_b_bmsms,x_b_brsrs,positive
b_tls,x_tms,o_trs,o_mls,x_mms,b_mrs,b_bls,x_b_bmsms,b_brs,positive
b_tls,x_tms,o_trs,o_mls,o_mms,b_mrs,x_b_blsls,x_b_bmsms,x_b_brsrs,positive
b_tls,x_tms,o_trs,o_mls,b_mms,o_mrs,x_b_blsls,x_b_bmsms,x_b_brsrs,positive
b_tls,x_tms,o_trs,b_mls,x_mms,x_mrs,o_b_blsls,x_b_bmsms,o_b_brsrs,positive
b_tls,x_tms,o_trs,b_mls,x_mms,o_mrs,o_b_blsls,x_b_bmsms,x_b_brsrs,positive
b_tls,x_tms,o_trs,b_mls,x_mms,o_mrs,b_bls,x_b_bmsms,b_brs,positive
b_tls,x_tms,o_trs,b_mls,x_mms,b_mrs,o_b_blsls,x_b_bmsms,b_brs,positive
b_tls,x_tms,o_trs,b_mls,x_mms,b_mrs,b_bls,x_b_bmsms,o_b_brsrs,positive
b_tls,x_tms,o_trs,b_mls,o_mms,o_mrs,x_b_blsls,x_b_bmsms,x_b_brsrs,positive
b_tls,x_tms,b_trs,x_mls,x_mms,o_mrs,o_b_blsls,x_b_bmsms,o_b_brsrs,positive
b_tls,x_tms,b_trs,o_mls,x_mms,x_mrs,o_b_blsls,x_b_bmsms,o_b_brsrs,positive
b_tls,x_tms,b_trs,o_mls,x_mms,o_mrs,x_b_blsls,x_b_bmsms,o_b_brsrs,positive
b_tls,x_tms,b_trs,o_mls,x_mms,o_mrs,o_b_blsls,x_b_bmsms,x_b_brsrs,positive
b_tls,x_tms,b_trs,o_mls,x_mms,o_mrs,b_bls,x_b_bmsms,b_brs,positive
b_tls,x_tms,b_trs,o_mls,x_mms,b_mrs,o_b_blsls,x_b_bmsms,b_brs,positive
b_tls,x_tms,b_trs,o_mls,x_mms,b_mrs,b_bls,x_b_bmsms,o_b_brsrs,positive
b_tls,x_tms,b_trs,b_mls,x_mms,o_mrs,o_b_blsls,x_b_bmsms,b_brs,positive
b_tls,x_tms,b_trs,b_mls,x_mms,o_mrs,b_bls,x_b_bmsms,o_b_brsrs,positive
b_tls,x_tms,b_trs,b_mls,x_mms,b_mrs,o_b_blsls,x_b_bmsms,o_b_brsrs,positive
b_tls,o_tms,x_trs,x_mls,x_mms,x_mrs,o_b_blsls,o_b_bmsms,b_brs,positive
b_tls,o_tms,x_trs,x_mls,x_mms,x_mrs,o_b_blsls,b_bms,o_b_brsrs,positive
b_tls,o_tms,x_trs,x_mls,x_mms,x_mrs,b_bls,o_b_bmsms,o_b_brsrs,positive
b_tls,o_tms,x_trs,x_mls,x_mms,o_mrs,x_b_blsls,o_b_bmsms,b_brs,positive
b_tls,o_tms,x_trs,x_mls,x_mms,o_mrs,x_b_blsls,b_bms,o_b_brsrs,positive
b_tls,o_tms,x_trs,x_mls,x_mms,b_mrs,x_b_blsls,o_b_bmsms,o_b_brsrs,positive
b_tls,o_tms,x_trs,x_mls,o_mms,x_mrs,o_b_blsls,b_bms,x_b_brsrs,positive
b_tls,o_tms,x_trs,x_mls,b_mms,x_mrs,o_b_blsls,o_b_bmsms,x_b_brsrs,positive
b_tls,o_tms,x_trs,o_mls,x_mms,x_mrs,x_b_blsls,o_b_bmsms,b_brs,positive
b_tls,o_tms,x_trs,o_mls,x_mms,x_mrs,x_b_blsls,b_bms,o_b_brsrs,positive
b_tls,o_tms,x_trs,o_mls,x_mms,x_mrs,o_b_blsls,b_bms,x_b_brsrs,positive
b_tls,o_tms,x_trs,o_mls,x_mms,x_mrs,b_bls,o_b_bmsms,x_b_brsrs,positive
b_tls,o_tms,x_trs,o_mls,x_mms,o_mrs,x_b_blsls,x_b_bmsms,b_brs,positive
b_tls,o_tms,x_trs,o_mls,x_mms,o_mrs,x_b_blsls,b_bms,x_b_brsrs,positive
b_tls,o_tms,x_trs,o_mls,x_mms,b_mrs,x_b_blsls,x_b_bmsms,o_b_brsrs,positive
b_tls,o_tms,x_trs,o_mls,x_mms,b_mrs,x_b_blsls,o_b_bmsms,x_b_brsrs,positive
b_tls,o_tms,x_trs,o_mls,x_mms,b_mrs,x_b_blsls,b_bms,b_brs,positive
b_tls,o_tms,x_trs,o_mls,o_mms,x_mrs,x_b_blsls,b_bms,x_b_brsrs,positive
b_tls,o_tms,x_trs,o_mls,o_mms,x_mrs,b_bls,x_b_bmsms,x_b_brsrs,positive
b_tls,o_tms,x_trs,o_mls,o_mms,b_mrs,x_b_blsls,x_b_bmsms,x_b_brsrs,positive
b_tls,o_tms,x_trs,o_mls,b_mms,x_mrs,x_b_blsls,o_b_bmsms,x_b_brsrs,positive
b_tls,o_tms,x_trs,o_mls,b_mms,x_mrs,o_b_blsls,x_b_bmsms,x_b_brsrs,positive
b_tls,o_tms,x_trs,o_mls,b_mms,x_mrs,b_bls,b_bms,x_b_brsrs,positive
b_tls,o_tms,x_trs,o_mls,b_mms,o_mrs,x_b_blsls,x_b_bmsms,x_b_brsrs,positive
b_tls,o_tms,x_trs,b_mls,x_mms,x_mrs,x_b_blsls,o_b_bmsms,o_b_brsrs,positive
b_tls,o_tms,x_trs,b_mls,x_mms,x_mrs,o_b_blsls,o_b_bmsms,x_b_brsrs,positive
b_tls,o_tms,x_trs,b_mls,x_mms,o_mrs,x_b_blsls,x_b_bmsms,o_b_brsrs,positive
b_tls,o_tms,x_trs,b_mls,x_mms,o_mrs,x_b_blsls,o_b_bmsms,x_b_brsrs,positive
b_tls,o_tms,x_trs,b_mls,x_mms,o_mrs,x_b_blsls,b_bms,b_brs,positive
b_tls,o_tms,x_trs,b_mls,x_mms,b_mrs,x_b_blsls,o_b_bmsms,b_brs,positive
b_tls,o_tms,x_trs,b_mls,x_mms,b_mrs,x_b_blsls,b_bms,o_b_brsrs,positive
b_tls,o_tms,x_trs,b_mls,o_mms,x_mrs,o_b_blsls,x_b_bmsms,x_b_brsrs,positive
b_tls,o_tms,x_trs,b_mls,o_mms,x_mrs,b_bls,b_bms,x_b_brsrs,positive
b_tls,o_tms,x_trs,b_mls,o_mms,o_mrs,x_b_blsls,x_b_bmsms,x_b_brsrs,positive
b_tls,o_tms,x_trs,b_mls,b_mms,x_mrs,o_b_blsls,b_bms,x_b_brsrs,positive
b_tls,o_tms,x_trs,b_mls,b_mms,x_mrs,b_bls,o_b_bmsms,x_b_brsrs,positive
b_tls,o_tms,o_trs,x_mls,x_mms,x_mrs,x_b_blsls,o_b_bmsms,b_brs,positive
b_tls,o_tms,o_trs,x_mls,x_mms,x_mrs,x_b_blsls,b_bms,o_b_brsrs,positive
b_tls,o_tms,o_trs,x_mls,x_mms,x_mrs,o_b_blsls,x_b_bmsms,b_brs,positive
b_tls,o_tms,o_trs,x_mls,x_mms,x_mrs,o_b_blsls,b_bms,x_b_brsrs,positive
b_tls,o_tms,o_trs,x_mls,x_mms,x_mrs,b_bls,x_b_bmsms,o_b_brsrs,positive
b_tls,o_tms,o_trs,x_mls,x_mms,x_mrs,b_bls,o_b_bmsms,x_b_brsrs,positive
b_tls,o_tms,o_trs,x_mls,x_mms,x_mrs,b_bls,b_bms,b_brs,positive
b_tls,o_tms,o_trs,x_mls,o_mms,b_mrs,x_b_blsls,x_b_bmsms,x_b_brsrs,positive
b_tls,o_tms,o_trs,x_mls,b_mms,o_mrs,x_b_blsls,x_b_bmsms,x_b_brsrs,positive
b_tls,o_tms,o_trs,o_mls,x_mms,b_mrs,x_b_blsls,x_b_bmsms,x_b_brsrs,positive
b_tls,o_tms,o_trs,o_mls,b_mms,x_mrs,x_b_blsls,x_b_bmsms,x_b_brsrs,positive
b_tls,o_tms,o_trs,b_mls,x_mms,o_mrs,x_b_blsls,x_b_bmsms,x_b_brsrs,positive
b_tls,o_tms,o_trs,b_mls,o_mms,x_mrs,x_b_blsls,x_b_bmsms,x_b_brsrs,positive
b_tls,o_tms,o_trs,b_mls,b_mms,b_mrs,x_b_blsls,x_b_bmsms,x_b_brsrs,positive
b_tls,o_tms,b_trs,x_mls,x_mms,x_mrs,x_b_blsls,o_b_bmsms,o_b_brsrs,positive
b_tls,o_tms,b_trs,x_mls,x_mms,x_mrs,o_b_blsls,x_b_bmsms,o_b_brsrs,positive
b_tls,o_tms,b_trs,x_mls,x_mms,x_mrs,o_b_blsls,o_b_bmsms,x_b_brsrs,positive
b_tls,o_tms,b_trs,x_mls,x_mms,x_mrs,o_b_blsls,b_bms,b_brs,positive
b_tls,o_tms,b_trs,x_mls,x_mms,x_mrs,b_bls,o_b_bmsms,b_brs,positive
b_tls,o_tms,b_trs,x_mls,x_mms,x_mrs,b_bls,b_bms,o_b_brsrs,positive
b_tls,o_tms,b_trs,x_mls,o_mms,o_mrs,x_b_blsls,x_b_bmsms,x_b_brsrs,positive
b_tls,o_tms,b_trs,o_mls,x_mms,o_mrs,x_b_blsls,x_b_bmsms,x_b_brsrs,positive
b_tls,o_tms,b_trs,o_mls,o_mms,x_mrs,x_b_blsls,x_b_bmsms,x_b_brsrs,positive
b_tls,o_tms,b_trs,o_mls,b_mms,b_mrs,x_b_blsls,x_b_bmsms,x_b_brsrs,positive
b_tls,o_tms,b_trs,b_mls,o_mms,b_mrs,x_b_blsls,x_b_bmsms,x_b_brsrs,positive
b_tls,o_tms,b_trs,b_mls,b_mms,o_mrs,x_b_blsls,x_b_bmsms,x_b_brsrs,positive
b_tls,b_tms,x_trs,x_mls,x_mms,o_mrs,x_b_blsls,o_b_bmsms,o_b_brsrs,positive
b_tls,b_tms,x_trs,x_mls,o_mms,x_mrs,o_b_blsls,o_b_bmsms,x_b_brsrs,positive
b_tls,b_tms,x_trs,o_mls,x_mms,x_mrs,x_b_blsls,o_b_bmsms,o_b_brsrs,positive
b_tls,b_tms,x_trs,o_mls,x_mms,x_mrs,o_b_blsls,o_b_bmsms,x_b_brsrs,positive
b_tls,b_tms,x_trs,o_mls,x_mms,o_mrs,x_b_blsls,x_b_bmsms,o_b_brsrs,positive
b_tls,b_tms,x_trs,o_mls,x_mms,o_mrs,x_b_blsls,o_b_bmsms,x_b_brsrs,positive
b_tls,b_tms,x_trs,o_mls,x_mms,o_mrs,x_b_blsls,b_bms,b_brs,positive
b_tls,b_tms,x_trs,o_mls,x_mms,b_mrs,x_b_blsls,o_b_bmsms,b_brs,positive
b_tls,b_tms,x_trs,o_mls,x_mms,b_mrs,x_b_blsls,b_bms,o_b_brsrs,positive
b_tls,b_tms,x_trs,o_mls,o_mms,x_mrs,x_b_blsls,o_b_bmsms,x_b_brsrs,positive
b_tls,b_tms,x_trs,o_mls,o_mms,x_mrs,o_b_blsls,x_b_bmsms,x_b_brsrs,positive
b_tls,b_tms,x_trs,o_mls,o_mms,x_mrs,b_bls,b_bms,x_b_brsrs,positive
b_tls,b_tms,x_trs,o_mls,b_mms,x_mrs,o_b_blsls,b_bms,x_b_brsrs,positive
b_tls,b_tms,x_trs,o_mls,b_mms,x_mrs,b_bls,o_b_bmsms,x_b_brsrs,positive
b_tls,b_tms,x_trs,b_mls,x_mms,o_mrs,x_b_blsls,o_b_bmsms,b_brs,positive
b_tls,b_tms,x_trs,b_mls,x_mms,o_mrs,x_b_blsls,b_bms,o_b_brsrs,positive
b_tls,b_tms,x_trs,b_mls,x_mms,b_mrs,x_b_blsls,o_b_bmsms,o_b_brsrs,positive
b_tls,b_tms,x_trs,b_mls,o_mms,x_mrs,o_b_blsls,b_bms,x_b_brsrs,positive
b_tls,b_tms,x_trs,b_mls,o_mms,x_mrs,b_bls,o_b_bmsms,x_b_brsrs,positive
b_tls,b_tms,x_trs,b_mls,b_mms,x_mrs,o_b_blsls,o_b_bmsms,x_b_brsrs,positive
b_tls,b_tms,o_trs,x_mls,x_mms,x_mrs,x_b_blsls,o_b_bmsms,o_b_brsrs,positive
b_tls,b_tms,o_trs,x_mls,x_mms,x_mrs,o_b_blsls,x_b_bmsms,o_b_brsrs,positive
b_tls,b_tms,o_trs,x_mls,x_mms,x_mrs,o_b_blsls,o_b_bmsms,x_b_brsrs,positive
b_tls,b_tms,o_trs,x_mls,x_mms,x_mrs,o_b_blsls,b_bms,b_brs,positive
b_tls,b_tms,o_trs,x_mls,x_mms,x_mrs,b_bls,o_b_bmsms,b_brs,positive
b_tls,b_tms,o_trs,x_mls,x_mms,x_mrs,b_bls,b_bms,o_b_brsrs,positive
b_tls,b_tms,o_trs,x_mls,o_mms,o_mrs,x_b_blsls,x_b_bmsms,x_b_brsrs,positive
b_tls,b_tms,o_trs,o_mls,x_mms,o_mrs,x_b_blsls,x_b_bmsms,x_b_brsrs,positive
b_tls,b_tms,o_trs,o_mls,o_mms,x_mrs,x_b_blsls,x_b_bmsms,x_b_brsrs,positive
b_tls,b_tms,o_trs,o_mls,b_mms,b_mrs,x_b_blsls,x_b_bmsms,x_b_brsrs,positive
b_tls,b_tms,o_trs,b_mls,o_mms,b_mrs,x_b_blsls,x_b_bmsms,x_b_brsrs,positive
b_tls,b_tms,o_trs,b_mls,b_mms,o_mrs,x_b_blsls,x_b_bmsms,x_b_brsrs,positive
b_tls,b_tms,b_trs,x_mls,x_mms,x_mrs,o_b_blsls,o_b_bmsms,b_brs,positive
b_tls,b_tms,b_trs,x_mls,x_mms,x_mrs,o_b_blsls,b_bms,o_b_brsrs,positive
b_tls,b_tms,b_trs,x_mls,x_mms,x_mrs,b_bls,o_b_bmsms,o_b_brsrs,positive
b_tls,b_tms,b_trs,o_mls,o_mms,b_mrs,x_b_blsls,x_b_bmsms,x_b_brsrs,positive
b_tls,b_tms,b_trs,o_mls,b_mms,o_mrs,x_b_blsls,x_b_bmsms,x_b_brsrs,positive
b_tls,b_tms,b_trs,b_mls,o_mms,o_mrs,x_b_blsls,x_b_bmsms,x_b_brsrs,positive
x_tls,x_tms,o_trs,x_mls,x_mms,o_mrs,o_b_blsls,b_bms,o_b_brsrs,negative
x_tls,x_tms,o_trs,x_mls,x_mms,o_mrs,b_bls,o_b_bmsms,o_b_brsrs,negative
x_tls,x_tms,o_trs,x_mls,x_mms,b_mrs,o_b_blsls,o_b_bmsms,o_b_brsrs,negative
x_tls,x_tms,o_trs,x_mls,o_mms,x_mrs,o_b_blsls,o_b_bmsms,b_brs,negative
x_tls,x_tms,o_trs,x_mls,o_mms,x_mrs,o_b_blsls,b_bms,o_b_brsrs,negative
x_tls,x_tms,o_trs,x_mls,o_mms,o_mrs,o_b_blsls,x_b_bmsms,b_brs,negative
x_tls,x_tms,o_trs,x_mls,o_mms,o_mrs,o_b_blsls,b_bms,x_b_brsrs,negative
x_tls,x_tms,o_trs,x_mls,o_mms,o_mrs,b_bls,x_b_bmsms,o_b_brsrs,negative
x_tls,x_tms,o_trs,x_mls,o_mms,b_mrs,o_b_blsls,x_b_bmsms,o_b_brsrs,negative
x_tls,x_tms,o_trs,x_mls,o_mms,b_mrs,o_b_blsls,o_b_bmsms,x_b_brsrs,negative
x_tls,x_tms,o_trs,x_mls,o_mms,b_mrs,o_b_blsls,b_bms,b_brs,negative
x_tls,x_tms,o_trs,x_mls,b_mms,x_mrs,o_b_blsls,o_b_bmsms,o_b_brsrs,negative
x_tls,x_tms,o_trs,x_mls,b_mms,o_mrs,o_b_blsls,x_b_bmsms,o_b_brsrs,negative
x_tls,x_tms,o_trs,x_mls,b_mms,o_mrs,b_bls,b_bms,o_b_brsrs,negative
x_tls,x_tms,o_trs,o_mls,x_mms,o_mrs,x_b_blsls,b_bms,o_b_brsrs,negative
x_tls,x_tms,o_trs,o_mls,o_mms,x_mrs,o_b_blsls,x_b_bmsms,b_brs,negative
x_tls,x_tms,o_trs,o_mls,o_mms,x_mrs,o_b_blsls,b_bms,x_b_brsrs,negative
x_tls,x_tms,o_trs,o_mls,o_mms,o_mrs,x_b_blsls,x_b_bmsms,b_brs,negative
x_tls,x_tms,o_trs,o_mls,o_mms,o_mrs,x_b_blsls,b_bms,x_b_brsrs,negative
x_tls,x_tms,o_trs,o_mls,o_mms,o_mrs,b_bls,x_b_bmsms,x_b_brsrs,negative
x_tls,x_tms,o_trs,o_mls,o_mms,b_mrs,o_b_blsls,x_b_bmsms,x_b_brsrs,negative
x_tls,x_tms,o_trs,o_mls,b_mms,o_mrs,x_b_blsls,x_b_bmsms,o_b_brsrs,negative
x_tls,x_tms,o_trs,b_mls,x_mms,x_mrs,o_b_blsls,o_b_bmsms,o_b_brsrs,negative
x_tls,x_tms,o_trs,b_mls,x_mms,o_mrs,x_b_blsls,o_b_bmsms,o_b_brsrs,negative
x_tls,x_tms,o_trs,b_mls,x_mms,o_mrs,b_bls,b_bms,o_b_brsrs,negative
x_tls,x_tms,o_trs,b_mls,o_mms,x_mrs,o_b_blsls,x_b_bmsms,o_b_brsrs,negative
x_tls,x_tms,o_trs,b_mls,o_mms,x_mrs,o_b_blsls,o_b_bmsms,x_b_brsrs,negative
x_tls,x_tms,o_trs,b_mls,o_mms,x_mrs,o_b_blsls,b_bms,b_brs,negative
x_tls,x_tms,o_trs,b_mls,o_mms,o_mrs,x_b_blsls,x_b_bmsms,o_b_brsrs,negative
x_tls,x_tms,o_trs,b_mls,o_mms,o_mrs,o_b_blsls,x_b_bmsms,x_b_brsrs,negative
x_tls,x_tms,o_trs,b_mls,o_mms,b_mrs,o_b_blsls,x_b_bmsms,b_brs,negative
x_tls,x_tms,o_trs,b_mls,o_mms,b_mrs,o_b_blsls,b_bms,x_b_brsrs,negative
x_tls,x_tms,o_trs,b_mls,b_mms,o_mrs,x_b_blsls,b_bms,o_b_brsrs,negative
x_tls,x_tms,o_trs,b_mls,b_mms,o_mrs,b_bls,x_b_bmsms,o_b_brsrs,negative
x_tls,x_tms,b_trs,x_mls,x_mms,o_mrs,o_b_blsls,o_b_bmsms,o_b_brsrs,negative
x_tls,x_tms,b_trs,x_mls,o_mms,x_mrs,o_b_blsls,o_b_bmsms,o_b_brsrs,negative
x_tls,x_tms,b_trs,x_mls,b_mms,b_mrs,o_b_blsls,o_b_bmsms,o_b_brsrs,negative
x_tls,x_tms,b_trs,o_mls,x_mms,x_mrs,o_b_blsls,o_b_bmsms,o_b_brsrs,negative
x_tls,x_tms,b_trs,o_mls,o_mms,o_mrs,x_b_blsls,x_b_bmsms,o_b_brsrs,negative
x_tls,x_tms,b_trs,o_mls,o_mms,o_mrs,x_b_blsls,o_b_bmsms,x_b_brsrs,negative
x_tls,x_tms,b_trs,o_mls,o_mms,o_mrs,x_b_blsls,b_bms,b_brs,negative
x_tls,x_tms,b_trs,o_mls,o_mms,o_mrs,o_b_blsls,x_b_bmsms,x_b_brsrs,negative
x_tls,x_tms,b_trs,o_mls,o_mms,o_mrs,b_bls,x_b_bmsms,b_brs,negative
x_tls,x_tms,b_trs,o_mls,o_mms,o_mrs,b_bls,b_bms,x_b_brsrs,negative
x_tls,x_tms,b_trs,b_mls,x_mms,b_mrs,o_b_blsls,o_b_bmsms,o_b_brsrs,negative
x_tls,x_tms,b_trs,b_mls,b_mms,x_mrs,o_b_blsls,o_b_bmsms,o_b_brsrs,negative
x_tls,o_tms,x_trs,x_mls,x_mms,b_mrs,o_b_blsls,o_b_bmsms,o_b_brsrs,negative
x_tls,o_tms,x_trs,x_mls,o_mms,x_mrs,o_b_blsls,o_b_bmsms,b_brs,negative
x_tls,o_tms,x_trs,x_mls,o_mms,x_mrs,b_bls,o_b_bmsms,o_b_brsrs,negative
x_tls,o_tms,x_trs,x_mls,o_mms,o_mrs,b_bls,o_b_bmsms,x_b_brsrs,negative
x_tls,o_tms,x_trs,x_mls,o_mms,b_mrs,o_b_blsls,o_b_bmsms,x_b_brsrs,negative
x_tls,o_tms,x_trs,x_mls,o_mms,b_mrs,b_bls,o_b_bmsms,b_brs,negative
x_tls,o_tms,x_trs,x_mls,b_mms,x_mrs,o_b_blsls,o_b_bmsms,o_b_brsrs,negative
x_tls,o_tms,x_trs,o_mls,o_mms,x_mrs,x_b_blsls,o_b_bmsms,b_brs,negative
x_tls,o_tms,x_trs,o_mls,o_mms,o_mrs,x_b_blsls,x_b_bmsms,b_brs,negative
x_tls,o_tms,x_trs,o_mls,o_mms,o_mrs,x_b_blsls,b_bms,x_b_brsrs,negative
x_tls,o_tms,x_trs,o_mls,o_mms,o_mrs,b_bls,x_b_bmsms,x_b_brsrs,negative
x_tls,o_tms,x_trs,o_mls,o_mms,b_mrs,x_b_blsls,o_b_bmsms,x_b_brsrs,negative
x_tls,o_tms,x_trs,b_mls,x_mms,x_mrs,o_b_blsls,o_b_bmsms,o_b_brsrs,negative
x_tls,o_tms,x_trs,b_mls,o_mms,x_mrs,x_b_blsls,o_b_bmsms,o_b_brsrs,negative
x_tls,o_tms,x_trs,b_mls,o_mms,x_mrs,b_bls,o_b_bmsms,b_brs,negative
x_tls,o_tms,x_trs,b_mls,o_mms,o_mrs,x_b_blsls,o_b_bmsms,x_b_brsrs,negative
x_tls,o_tms,x_trs,b_mls,o_mms,b_mrs,x_b_blsls,o_b_bmsms,b_brs,negative
x_tls,o_tms,x_trs,b_mls,o_mms,b_mrs,b_bls,o_b_bmsms,x_b_brsrs,negative
x_tls,o_tms,o_trs,x_mls,x_mms,o_mrs,b_bls,x_b_bmsms,o_b_brsrs,negative
x_tls,o_tms,o_trs,x_mls,o_mms,x_mrs,o_b_blsls,x_b_bmsms,b_brs,negative
x_tls,o_tms,o_trs,x_mls,o_mms,x_mrs,o_b_blsls,b_bms,x_b_brsrs,negative
x_tls,o_tms,o_trs,x_mls,o_mms,x_mrs,b_bls,o_b_bmsms,x_b_brsrs,negative
x_tls,o_tms,o_trs,x_mls,o_mms,b_mrs,o_b_blsls,x_b_bmsms,x_b_brsrs,negative
x_tls,o_tms,o_trs,b_mls,x_mms,o_mrs,x_b_blsls,x_b_bmsms,o_b_brsrs,negative
x_tls,o_tms,o_trs,b_mls,o_mms,x_mrs,x_b_blsls,o_b_bmsms,x_b_brsrs,negative
x_tls,o_tms,o_trs,b_mls,o_mms,x_mrs,o_b_blsls,x_b_bmsms,x_b_brsrs,negative
x_tls,o_tms,b_trs,x_mls,o_mms,x_mrs,o_b_blsls,o_b_bmsms,x_b_brsrs,negative
x_tls,o_tms,b_trs,x_mls,o_mms,x_mrs,b_bls,o_b_bmsms,b_brs,negative
x_tls,o_tms,b_trs,x_mls,o_mms,b_mrs,b_bls,o_b_bmsms,x_b_brsrs,negative
x_tls,o_tms,b_trs,o_mls,o_mms,x_mrs,x_b_blsls,o_b_bmsms,x_b_brsrs,negative
x_tls,o_tms,b_trs,b_mls,o_mms,x_mrs,x_b_blsls,o_b_bmsms,b_brs,negative
x_tls,o_tms,b_trs,b_mls,o_mms,x_mrs,b_bls,o_b_bmsms,x_b_brsrs,negative
x_tls,o_tms,b_trs,b_mls,o_mms,b_mrs,x_b_blsls,o_b_bmsms,x_b_brsrs,negative
x_tls,b_tms,x_trs,x_mls,x_mms,o_mrs,o_b_blsls,o_b_bmsms,o_b_brsrs,negative
x_tls,b_tms,x_trs,x_mls,o_mms,x_mrs,o_b_blsls,o_b_bmsms,o_b_brsrs,negative
x_tls,b_tms,x_trs,x_mls,b_mms,b_mrs,o_b_blsls,o_b_bmsms,o_b_brsrs,negative
x_tls,b_tms,x_trs,o_mls,x_mms,x_mrs,o_b_blsls,o_b_bmsms,o_b_brsrs,negative
x_tls,b_tms,x_trs,o_mls,o_mms,o_mrs,x_b_blsls,x_b_bmsms,o_b_brsrs,negative
x_tls,b_tms,x_trs,o_mls,o_mms,o_mrs,x_b_blsls,o_b_bmsms,x_b_brsrs,negative
x_tls,b_tms,x_trs,o_mls,o_mms,o_mrs,x_b_blsls,b_bms,b_brs,negative
x_tls,b_tms,x_trs,o_mls,o_mms,o_mrs,o_b_blsls,x_b_bmsms,x_b_brsrs,negative
x_tls,b_tms,x_trs,o_mls,o_mms,o_mrs,b_bls,x_b_bmsms,b_brs,negative
x_tls,b_tms,x_trs,o_mls,o_mms,o_mrs,b_bls,b_bms,x_b_brsrs,negative
x_tls,b_tms,x_trs,b_mls,x_mms,b_mrs,o_b_blsls,o_b_bmsms,o_b_brsrs,negative
x_tls,b_tms,x_trs,b_mls,b_mms,x_mrs,o_b_blsls,o_b_bmsms,o_b_brsrs,negative
x_tls,b_tms,o_trs,x_mls,x_mms,o_mrs,o_b_blsls,x_b_bmsms,o_b_brsrs,negative
x_tls,b_tms,o_trs,x_mls,x_mms,o_mrs,b_bls,b_bms,o_b_brsrs,negative
x_tls,b_tms,o_trs,x_mls,o_mms,x_mrs,o_b_blsls,x_b_bmsms,o_b_brsrs,negative
x_tls,b_tms,o_trs,x_mls,o_mms,x_mrs,o_b_blsls,o_b_bmsms,x_b_brsrs,negative
x_tls,b_tms,o_trs,x_mls,o_mms,x_mrs,o_b_blsls,b_bms,b_brs,negative
x_tls,b_tms,o_trs,x_mls,o_mms,o_mrs,o_b_blsls,x_b_bmsms,x_b_brsrs,negative
x_tls,b_tms,o_trs,x_mls,o_mms,b_mrs,o_b_blsls,x_b_bmsms,b_brs,negative
x_tls,b_tms,o_trs,x_mls,o_mms,b_mrs,o_b_blsls,b_bms,x_b_brsrs,negative
x_tls,b_tms,o_trs,x_mls,b_mms,o_mrs,b_bls,x_b_bmsms,o_b_brsrs,negative
x_tls,b_tms,o_trs,o_mls,x_mms,o_mrs,x_b_blsls,x_b_bmsms,o_b_brsrs,negative
x_tls,b_tms,o_trs,o_mls,o_mms,x_mrs,o_b_blsls,x_b_bmsms,x_b_brsrs,negative
x_tls,b_tms,o_trs,b_mls,x_mms,o_mrs,x_b_blsls,b_bms,o_b_brsrs,negative
x_tls,b_tms,o_trs,b_mls,x_mms,o_mrs,b_bls,x_b_bmsms,o_b_brsrs,negative
x_tls,b_tms,o_trs,b_mls,o_mms,x_mrs,o_b_blsls,x_b_bmsms,b_brs,negative
x_tls,b_tms,o_trs,b_mls,o_mms,x_mrs,o_b_blsls,b_bms,x_b_brsrs,negative
x_tls,b_tms,o_trs,b_mls,o_mms,b_mrs,o_b_blsls,x_b_bmsms,x_b_brsrs,negative
x_tls,b_tms,o_trs,b_mls,b_mms,o_mrs,x_b_blsls,x_b_bmsms,o_b_brsrs,negative
x_tls,b_tms,b_trs,x_mls,x_mms,b_mrs,o_b_blsls,o_b_bmsms,o_b_brsrs,negative
x_tls,b_tms,b_trs,x_mls,b_mms,x_mrs,o_b_blsls,o_b_bmsms,o_b_brsrs,negative
x_tls,b_tms,b_trs,o_mls,o_mms,o_mrs,x_b_blsls,x_b_bmsms,b_brs,negative
x_tls,b_tms,b_trs,o_mls,o_mms,o_mrs,x_b_blsls,b_bms,x_b_brsrs,negative
x_tls,b_tms,b_trs,o_mls,o_mms,o_mrs,b_bls,x_b_bmsms,x_b_brsrs,negative
x_tls,b_tms,b_trs,b_mls,x_mms,x_mrs,o_b_blsls,o_b_bmsms,o_b_brsrs,negative
o_tls,x_tms,x_trs,x_mls,x_mms,b_mrs,o_b_blsls,o_b_bmsms,o_b_brsrs,negative
o_tls,x_tms,x_trs,x_mls,o_mms,x_mrs,o_b_blsls,b_bms,o_b_brsrs,negative
o_tls,x_tms,x_trs,x_mls,o_mms,x_mrs,b_bls,o_b_bmsms,o_b_brsrs,negative
o_tls,x_tms,x_trs,x_mls,o_mms,o_mrs,x_b_blsls,b_bms,o_b_brsrs,negative
o_tls,x_tms,x_trs,x_mls,o_mms,o_mrs,b_bls,x_b_bmsms,o_b_brsrs,negative
o_tls,x_tms,x_trs,x_mls,o_mms,b_mrs,x_b_blsls,o_b_bmsms,o_b_brsrs,negative
o_tls,x_tms,x_trs,x_mls,o_mms,b_mrs,o_b_blsls,x_b_bmsms,o_b_brsrs,negative
o_tls,x_tms,x_trs,x_mls,o_mms,b_mrs,b_bls,b_bms,o_b_brsrs,negative
o_tls,x_tms,x_trs,x_mls,b_mms,x_mrs,o_b_blsls,o_b_bmsms,o_b_brsrs,negative
o_tls,x_tms,x_trs,o_mls,x_mms,x_mrs,o_b_blsls,o_b_bmsms,b_brs,negative
o_tls,x_tms,x_trs,o_mls,x_mms,x_mrs,o_b_blsls,b_bms,o_b_brsrs,negative
o_tls,x_tms,x_trs,o_mls,x_mms,o_mrs,o_b_blsls,b_bms,x_b_brsrs,negative
o_tls,x_tms,x_trs,o_mls,x_mms,b_mrs,o_b_blsls,o_b_bmsms,x_b_brsrs,negative
o_tls,x_tms,x_trs,o_mls,x_mms,b_mrs,o_b_blsls,b_bms,b_brs,negative
o_tls,x_tms,x_trs,o_mls,o_mms,x_mrs,x_b_blsls,b_bms,o_b_brsrs,negative
o_tls,x_tms,x_trs,o_mls,o_mms,x_mrs,o_b_blsls,x_b_bmsms,b_brs,negative
o_tls,x_tms,x_trs,o_mls,o_mms,x_mrs,b_bls,x_b_bmsms,o_b_brsrs,negative
o_tls,x_tms,x_trs,o_mls,o_mms,o_mrs,x_b_blsls,x_b_bmsms,b_brs,negative
o_tls,x_tms,x_trs,o_mls,o_mms,o_mrs,x_b_blsls,b_bms,x_b_brsrs,negative
o_tls,x_tms,x_trs,o_mls,o_mms,o_mrs,b_bls,x_b_bmsms,x_b_brsrs,negative
o_tls,x_tms,x_trs,o_mls,o_mms,b_mrs,x_b_blsls,x_b_bmsms,o_b_brsrs,negative
o_tls,x_tms,x_trs,o_mls,o_mms,b_mrs,o_b_blsls,x_b_bmsms,x_b_brsrs,negative
o_tls,x_tms,x_trs,o_mls,b_mms,x_mrs,o_b_blsls,x_b_bmsms,o_b_brsrs,negative
o_tls,x_tms,x_trs,o_mls,b_mms,x_mrs,o_b_blsls,b_bms,b_brs,negative
o_tls,x_tms,x_trs,o_mls,b_mms,o_mrs,o_b_blsls,x_b_bmsms,x_b_brsrs,negative
o_tls,x_tms,x_trs,o_mls,b_mms,b_mrs,o_b_blsls,x_b_bmsms,b_brs,negative
o_tls,x_tms,x_trs,o_mls,b_mms,b_mrs,o_b_blsls,b_bms,x_b_brsrs,negative
o_tls,x_tms,x_trs,b_mls,x_mms,x_mrs,o_b_blsls,o_b_bmsms,o_b_brsrs,negative
o_tls,x_tms,x_trs,b_mls,o_mms,x_mrs,x_b_blsls,o_b_bmsms,o_b_brsrs,negative
o_tls,x_tms,x_trs,b_mls,o_mms,x_mrs,o_b_blsls,x_b_bmsms,o_b_brsrs,negative
o_tls,x_tms,x_trs,b_mls,o_mms,x_mrs,b_bls,b_bms,o_b_brsrs,negative
o_tls,x_tms,x_trs,b_mls,o_mms,o_mrs,x_b_blsls,x_b_bmsms,o_b_brsrs,negative
o_tls,x_tms,x_trs,b_mls,o_mms,b_mrs,x_b_blsls,b_bms,o_b_brsrs,negative
o_tls,x_tms,x_trs,b_mls,o_mms,b_mrs,b_bls,x_b_bmsms,o_b_brsrs,negative
o_tls,x_tms,o_trs,x_mls,x_mms,o_mrs,x_b_blsls,b_bms,o_b_brsrs,negative
o_tls,x_tms,o_trs,x_mls,o_mms,x_mrs,x_b_blsls,b_bms,o_b_brsrs,negative
o_tls,x_tms,o_trs,x_mls,o_mms,x_mrs,o_b_blsls,x_b_bmsms,b_brs,negative
o_tls,x_tms,o_trs,x_mls,o_mms,x_mrs,o_b_blsls,b_bms,x_b_brsrs,negative
o_tls,x_tms,o_trs,x_mls,o_mms,x_mrs,b_bls,x_b_bmsms,o_b_brsrs,negative
o_tls,x_tms,o_trs,x_mls,o_mms,b_mrs,x_b_blsls,x_b_bmsms,o_b_brsrs,negative
o_tls,x_tms,o_trs,x_mls,o_mms,b_mrs,o_b_blsls,x_b_bmsms,x_b_brsrs,negative
o_tls,x_tms,o_trs,x_mls,b_mms,o_mrs,x_b_blsls,x_b_bmsms,o_b_brsrs,negative
o_tls,x_tms,o_trs,o_mls,x_mms,x_mrs,o_b_blsls,b_bms,x_b_brsrs,negative
o_tls,x_tms,o_trs,o_mls,b_mms,x_mrs,o_b_blsls,x_b_bmsms,x_b_brsrs,negative
o_tls,x_tms,o_trs,b_mls,o_mms,x_mrs,x_b_blsls,x_b_bmsms,o_b_brsrs,negative
o_tls,x_tms,o_trs,b_mls,o_mms,x_mrs,o_b_blsls,x_b_bmsms,x_b_brsrs,negative
o_tls,x_tms,b_trs,x_mls,o_mms,x_mrs,x_b_blsls,o_b_bmsms,o_b_brsrs,negative
o_tls,x_tms,b_trs,x_mls,o_mms,x_mrs,o_b_blsls,x_b_bmsms,o_b_brsrs,negative
o_tls,x_tms,b_trs,x_mls,o_mms,x_mrs,b_bls,b_bms,o_b_brsrs,negative
o_tls,x_tms,b_trs,x_mls,o_mms,o_mrs,x_b_blsls,x_b_bmsms,o_b_brsrs,negative
o_tls,x_tms,b_trs,x_mls,o_mms,b_mrs,x_b_blsls,b_bms,o_b_brsrs,negative
o_tls,x_tms,b_trs,x_mls,o_mms,b_mrs,b_bls,x_b_bmsms,o_b_brsrs,negative
o_tls,x_tms,b_trs,o_mls,x_mms,x_mrs,o_b_blsls,o_b_bmsms,x_b_brsrs,negative
o_tls,x_tms,b_trs,o_mls,x_mms,x_mrs,o_b_blsls,b_bms,b_brs,negative
o_tls,x_tms,b_trs,o_mls,x_mms,b_mrs,o_b_blsls,b_bms,x_b_brsrs,negative
o_tls,x_tms,b_trs,o_mls,o_mms,x_mrs,x_b_blsls,x_b_bmsms,o_b_brsrs,negative
o_tls,x_tms,b_trs,o_mls,o_mms,x_mrs,o_b_blsls,x_b_bmsms,x_b_brsrs,negative
o_tls,x_tms,b_trs,o_mls,b_mms,x_mrs,o_b_blsls,x_b_bmsms,b_brs,negative
o_tls,x_tms,b_trs,o_mls,b_mms,x_mrs,o_b_blsls,b_bms,x_b_brsrs,negative
o_tls,x_tms,b_trs,o_mls,b_mms,b_mrs,o_b_blsls,x_b_bmsms,x_b_brsrs,negative
o_tls,x_tms,b_trs,b_mls,o_mms,x_mrs,x_b_blsls,b_bms,o_b_brsrs,negative
o_tls,x_tms,b_trs,b_mls,o_mms,x_mrs,b_bls,x_b_bmsms,o_b_brsrs,negative
o_tls,x_tms,b_trs,b_mls,o_mms,b_mrs,x_b_blsls,x_b_bmsms,o_b_brsrs,negative
o_tls,o_tms,x_trs,x_mls,o_mms,x_mrs,x_b_blsls,o_b_bmsms,b_brs,negative
o_tls,o_tms,x_trs,x_mls,o_mms,x_mrs,x_b_blsls,b_bms,o_b_brsrs,negative
o_tls,o_tms,x_trs,x_mls,o_mms,x_mrs,b_bls,x_b_bmsms,o_b_brsrs,negative
o_tls,o_tms,x_trs,x_mls,o_mms,b_mrs,x_b_blsls,x_b_bmsms,o_b_brsrs,negative
o_tls,o_tms,x_trs,x_mls,o_mms,b_mrs,x_b_blsls,o_b_bmsms,x_b_brsrs,negative
o_tls,o_tms,x_trs,o_mls,x_mms,x_mrs,o_b_blsls,x_b_bmsms,b_brs,negative
o_tls,o_tms,x_trs,o_mls,x_mms,b_mrs,o_b_blsls,x_b_bmsms,x_b_brsrs,negative
o_tls,o_tms,x_trs,b_mls,o_mms,x_mrs,x_b_blsls,x_b_bmsms,o_b_brsrs,negative
o_tls,o_tms,o_trs,x_mls,x_mms,o_mrs,x_b_blsls,x_b_bmsms,b_brs,negative
o_tls,o_tms,o_trs,x_mls,x_mms,o_mrs,x_b_blsls,b_bms,x_b_brsrs,negative
o_tls,o_tms,o_trs,x_mls,x_mms,o_mrs,b_bls,x_b_bmsms,x_b_brsrs,negative
o_tls,o_tms,o_trs,x_mls,x_mms,b_mrs,x_b_blsls,x_b_bmsms,o_b_brsrs,negative
o_tls,o_tms,o_trs,x_mls,x_mms,b_mrs,x_b_blsls,o_b_bmsms,x_b_brsrs,negative
o_tls,o_tms,o_trs,x_mls,x_mms,b_mrs,x_b_blsls,b_bms,b_brs,negative
o_tls,o_tms,o_trs,x_mls,x_mms,b_mrs,o_b_blsls,x_b_bmsms,x_b_brsrs,negative
o_tls,o_tms,o_trs,x_mls,x_mms,b_mrs,b_bls,x_b_bmsms,b_brs,negative
o_tls,o_tms,o_trs,x_mls,x_mms,b_mrs,b_bls,b_bms,x_b_brsrs,negative
o_tls,o_tms,o_trs,x_mls,o_mms,x_mrs,x_b_blsls,x_b_bmsms,b_brs,negative
o_tls,o_tms,o_trs,x_mls,o_mms,x_mrs,x_b_blsls,b_bms,x_b_brsrs,negative
o_tls,o_tms,o_trs,x_mls,o_mms,x_mrs,b_bls,x_b_bmsms,x_b_brsrs,negative
o_tls,o_tms,o_trs,x_mls,b_mms,x_mrs,x_b_blsls,x_b_bmsms,o_b_brsrs,negative
o_tls,o_tms,o_trs,x_mls,b_mms,x_mrs,x_b_blsls,o_b_bmsms,x_b_brsrs,negative
o_tls,o_tms,o_trs,x_mls,b_mms,x_mrs,x_b_blsls,b_bms,b_brs,negative
o_tls,o_tms,o_trs,x_mls,b_mms,x_mrs,o_b_blsls,x_b_bmsms,x_b_brsrs,negative
o_tls,o_tms,o_trs,x_mls,b_mms,x_mrs,b_bls,x_b_bmsms,b_brs,negative
o_tls,o_tms,o_trs,x_mls,b_mms,x_mrs,b_bls,b_bms,x_b_brsrs,negative
o_tls,o_tms,o_trs,x_mls,b_mms,b_mrs,x_b_blsls,x_b_bmsms,b_brs,negative
o_tls,o_tms,o_trs,x_mls,b_mms,b_mrs,x_b_blsls,b_bms,x_b_brsrs,negative
o_tls,o_tms,o_trs,x_mls,b_mms,b_mrs,b_bls,x_b_bmsms,x_b_brsrs,negative
o_tls,o_tms,o_trs,o_mls,x_mms,x_mrs,x_b_blsls,x_b_bmsms,b_brs,negative
o_tls,o_tms,o_trs,o_mls,x_mms,x_mrs,x_b_blsls,b_bms,x_b_brsrs,negative
o_tls,o_tms,o_trs,o_mls,x_mms,x_mrs,b_bls,x_b_bmsms,x_b_brsrs,negative
o_tls,o_tms,o_trs,b_mls,x_mms,x_mrs,x_b_blsls,x_b_bmsms,o_b_brsrs,negative
o_tls,o_tms,o_trs,b_mls,x_mms,x_mrs,x_b_blsls,o_b_bmsms,x_b_brsrs,negative
o_tls,o_tms,o_trs,b_mls,x_mms,x_mrs,x_b_blsls,b_bms,b_brs,negative
o_tls,o_tms,o_trs,b_mls,x_mms,x_mrs,o_b_blsls,x_b_bmsms,x_b_brsrs,negative
o_tls,o_tms,o_trs,b_mls,x_mms,x_mrs,b_bls,x_b_bmsms,b_brs,negative
o_tls,o_tms,o_trs,b_mls,x_mms,x_mrs,b_bls,b_bms,x_b_brsrs,negative
o_tls,o_tms,o_trs,b_mls,x_mms,b_mrs,x_b_blsls,x_b_bmsms,b_brs,negative
o_tls,o_tms,o_trs,b_mls,x_mms,b_mrs,x_b_blsls,b_bms,x_b_brsrs,negative
o_tls,o_tms,o_trs,b_mls,x_mms,b_mrs,b_bls,x_b_bmsms,x_b_brsrs,negative
o_tls,o_tms,o_trs,b_mls,b_mms,x_mrs,x_b_blsls,x_b_bmsms,b_brs,negative
o_tls,o_tms,o_trs,b_mls,b_mms,x_mrs,x_b_blsls,b_bms,x_b_brsrs,negative
o_tls,o_tms,o_trs,b_mls,b_mms,x_mrs,b_bls,x_b_bmsms,x_b_brsrs,negative
o_tls,o_tms,b_trs,x_mls,o_mms,x_mrs,x_b_blsls,x_b_bmsms,o_b_brsrs,negative
o_tls,o_tms,b_trs,x_mls,o_mms,x_mrs,x_b_blsls,o_b_bmsms,x_b_brsrs,negative
o_tls,o_tms,b_trs,o_mls,x_mms,x_mrs,o_b_blsls,x_b_bmsms,x_b_brsrs,negative
o_tls,b_tms,x_trs,x_mls,o_mms,x_mrs,x_b_blsls,o_b_bmsms,o_b_brsrs,negative
o_tls,b_tms,x_trs,x_mls,o_mms,x_mrs,o_b_blsls,x_b_bmsms,o_b_brsrs,negative
o_tls,b_tms,x_trs,x_mls,o_mms,x_mrs,b_bls,b_bms,o_b_brsrs,negative
o_tls,b_tms,x_trs,x_mls,o_mms,o_mrs,x_b_blsls,x_b_bmsms,o_b_brsrs,negative
o_tls,b_tms,x_trs,x_mls,o_mms,b_mrs,x_b_blsls,b_bms,o_b_brsrs,negative
o_tls,b_tms,x_trs,x_mls,o_mms,b_mrs,b_bls,x_b_bmsms,o_b_brsrs,negative
o_tls,b_tms,x_trs,o_mls,x_mms,x_mrs,o_b_blsls,x_b_bmsms,o_b_brsrs,negative
o_tls,b_tms,x_trs,o_mls,x_mms,x_mrs,o_b_blsls,b_bms,b_brs,negative
o_tls,b_tms,x_trs,o_mls,x_mms,o_mrs,o_b_blsls,x_b_bmsms,x_b_brsrs,negative
o_tls,b_tms,x_trs,o_mls,x_mms,b_mrs,o_b_blsls,x_b_bmsms,b_brs,negative
o_tls,b_tms,x_trs,o_mls,x_mms,b_mrs,o_b_blsls,b_bms,x_b_brsrs,negative
o_tls,b_tms,x_trs,o_mls,o_mms,x_mrs,x_b_blsls,x_b_bmsms,o_b_brsrs,negative
o_tls,b_tms,x_trs,o_mls,b_mms,x_mrs,o_b_blsls,x_b_bmsms,b_brs,negative
o_tls,b_tms,x_trs,o_mls,b_mms,b_mrs,o_b_blsls,x_b_bmsms,x_b_brsrs,negative
o_tls,b_tms,x_trs,b_mls,o_mms,x_mrs,x_b_blsls,b_bms,o_b_brsrs,negative
o_tls,b_tms,x_trs,b_mls,o_mms,x_mrs,b_bls,x_b_bmsms,o_b_brsrs,negative
o_tls,b_tms,x_trs,b_mls,o_mms,b_mrs,x_b_blsls,x_b_bmsms,o_b_brsrs,negative
o_tls,b_tms,o_trs,x_mls,x_mms,o_mrs,x_b_blsls,x_b_bmsms,o_b_brsrs,negative
o_tls,b_tms,o_trs,x_mls,o_mms,x_mrs,x_b_blsls,x_b_bmsms,o_b_brsrs,negative
o_tls,b_tms,o_trs,x_mls,o_mms,x_mrs,o_b_blsls,x_b_bmsms,x_b_brsrs,negative
o_tls,b_tms,o_trs,o_mls,x_mms,x_mrs,o_b_blsls,x_b_bmsms,x_b_brsrs,negative
o_tls,b_tms,b_trs,x_mls,o_mms,x_mrs,x_b_blsls,b_bms,o_b_brsrs,negative
o_tls,b_tms,b_trs,x_mls,o_mms,x_mrs,b_bls,x_b_bmsms,o_b_brsrs,negative
o_tls,b_tms,b_trs,x_mls,o_mms,b_mrs,x_b_blsls,x_b_bmsms,o_b_brsrs,negative
o_tls,b_tms,b_trs,o_mls,x_mms,x_mrs,o_b_blsls,x_b_bmsms,b_brs,negative
o_tls,b_tms,b_trs,o_mls,x_mms,x_mrs,o_b_blsls,b_bms,x_b_brsrs,negative
o_tls,b_tms,b_trs,o_mls,x_mms,b_mrs,o_b_blsls,x_b_bmsms,x_b_brsrs,negative
o_tls,b_tms,b_trs,o_mls,b_mms,x_mrs,o_b_blsls,x_b_bmsms,x_b_brsrs,negative
o_tls,b_tms,b_trs,b_mls,o_mms,x_mrs,x_b_blsls,x_b_bmsms,o_b_brsrs,negative
b_tls,x_tms,x_trs,x_mls,x_mms,o_mrs,o_b_blsls,o_b_bmsms,o_b_brsrs,negative
b_tls,x_tms,x_trs,x_mls,o_mms,x_mrs,o_b_blsls,o_b_bmsms,o_b_brsrs,negative
b_tls,x_tms,x_trs,x_mls,b_mms,b_mrs,o_b_blsls,o_b_bmsms,o_b_brsrs,negative
b_tls,x_tms,x_trs,o_mls,x_mms,x_mrs,o_b_blsls,o_b_bmsms,o_b_brsrs,negative
b_tls,x_tms,x_trs,o_mls,o_mms,o_mrs,x_b_blsls,x_b_bmsms,o_b_brsrs,negative
b_tls,x_tms,x_trs,o_mls,o_mms,o_mrs,x_b_blsls,o_b_bmsms,x_b_brsrs,negative
b_tls,x_tms,x_trs,o_mls,o_mms,o_mrs,x_b_blsls,b_bms,b_brs,negative
b_tls,x_tms,x_trs,o_mls,o_mms,o_mrs,o_b_blsls,x_b_bmsms,x_b_brsrs,negative
b_tls,x_tms,x_trs,o_mls,o_mms,o_mrs,b_bls,x_b_bmsms,b_brs,negative
b_tls,x_tms,x_trs,o_mls,o_mms,o_mrs,b_bls,b_bms,x_b_brsrs,negative
b_tls,x_tms,x_trs,b_mls,x_mms,b_mrs,o_b_blsls,o_b_bmsms,o_b_brsrs,negative
b_tls,x_tms,x_trs,b_mls,b_mms,x_mrs,o_b_blsls,o_b_bmsms,o_b_brsrs,negative
b_tls,x_tms,o_trs,x_mls,x_mms,o_mrs,x_b_blsls,o_b_bmsms,o_b_brsrs,negative
b_tls,x_tms,o_trs,x_mls,x_mms,o_mrs,b_bls,b_bms,o_b_brsrs,negative
b_tls,x_tms,o_trs,x_mls,o_mms,x_mrs,o_b_blsls,x_b_bmsms,o_b_brsrs,negative
b_tls,x_tms,o_trs,x_mls,o_mms,x_mrs,o_b_blsls,o_b_bmsms,x_b_brsrs,negative
b_tls,x_tms,o_trs,x_mls,o_mms,x_mrs,o_b_blsls,b_bms,b_brs,negative
b_tls,x_tms,o_trs,x_mls,o_mms,o_mrs,x_b_blsls,x_b_bmsms,o_b_brsrs,negative
b_tls,x_tms,o_trs,x_mls,o_mms,o_mrs,o_b_blsls,x_b_bmsms,x_b_brsrs,negative
b_tls,x_tms,o_trs,x_mls,o_mms,b_mrs,o_b_blsls,x_b_bmsms,b_brs,negative
b_tls,x_tms,o_trs,x_mls,o_mms,b_mrs,o_b_blsls,b_bms,x_b_brsrs,negative
b_tls,x_tms,o_trs,x_mls,b_mms,o_mrs,x_b_blsls,b_bms,o_b_brsrs,negative
b_tls,x_tms,o_trs,x_mls,b_mms,o_mrs,b_bls,x_b_bmsms,o_b_brsrs,negative
b_tls,x_tms,o_trs,o_mls,o_mms,x_mrs,o_b_blsls,x_b_bmsms,x_b_brsrs,negative
b_tls,x_tms,o_trs,b_mls,x_mms,o_mrs,x_b_blsls,b_bms,o_b_brsrs,negative
b_tls,x_tms,o_trs,b_mls,o_mms,x_mrs,o_b_blsls,x_b_bmsms,b_brs,negative
b_tls,x_tms,o_trs,b_mls,o_mms,x_mrs,o_b_blsls,b_bms,x_b_brsrs,negative
b_tls,x_tms,o_trs,b_mls,o_mms,b_mrs,o_b_blsls,x_b_bmsms,x_b_brsrs,negative
b_tls,x_tms,o_trs,b_mls,b_mms,o_mrs,x_b_blsls,x_b_bmsms,o_b_brsrs,negative
b_tls,x_tms,b_trs,x_mls,x_mms,b_mrs,o_b_blsls,o_b_bmsms,o_b_brsrs,negative
b_tls,x_tms,b_trs,x_mls,b_mms,x_mrs,o_b_blsls,o_b_bmsms,o_b_brsrs,negative
b_tls,x_tms,b_trs,o_mls,o_mms,o_mrs,x_b_blsls,x_b_bmsms,b_brs,negative
b_tls,x_tms,b_trs,o_mls,o_mms,o_mrs,x_b_blsls,b_bms,x_b_brsrs,negative
b_tls,x_tms,b_trs,o_mls,o_mms,o_mrs,b_bls,x_b_bmsms,x_b_brsrs,negative
b_tls,x_tms,b_trs,b_mls,x_mms,x_mrs,o_b_blsls,o_b_bmsms,o_b_brsrs,negative
b_tls,o_tms,x_trs,x_mls,o_mms,x_mrs,x_b_blsls,o_b_bmsms,o_b_brsrs,negative
b_tls,o_tms,x_trs,x_mls,o_mms,x_mrs,b_bls,o_b_bmsms,b_brs,negative
b_tls,o_tms,x_trs,x_mls,o_mms,o_mrs,x_b_blsls,o_b_bmsms,x_b_brsrs,negative
b_tls,o_tms,x_trs,x_mls,o_mms,b_mrs,x_b_blsls,o_b_bmsms,b_brs,negative
b_tls,o_tms,x_trs,x_mls,o_mms,b_mrs,b_bls,o_b_bmsms,x_b_brsrs,negative
b_tls,o_tms,x_trs,b_mls,o_mms,x_mrs,x_b_blsls,o_b_bmsms,b_brs,negative
b_tls,o_tms,x_trs,b_mls,o_mms,b_mrs,x_b_blsls,o_b_bmsms,x_b_brsrs,negative
b_tls,o_tms,o_trs,x_mls,x_mms,o_mrs,x_b_blsls,x_b_bmsms,o_b_brsrs,negative
b_tls,o_tms,o_trs,x_mls,o_mms,x_mrs,x_b_blsls,o_b_bmsms,x_b_brsrs,negative
b_tls,o_tms,o_trs,x_mls,o_mms,x_mrs,o_b_blsls,x_b_bmsms,x_b_brsrs,negative
b_tls,o_tms,b_trs,x_mls,o_mms,x_mrs,x_b_blsls,o_b_bmsms,b_brs,negative
b_tls,o_tms,b_trs,x_mls,o_mms,x_mrs,b_bls,o_b_bmsms,x_b_brsrs,negative
b_tls,o_tms,b_trs,x_mls,o_mms,b_mrs,x_b_blsls,o_b_bmsms,x_b_brsrs,negative
b_tls,o_tms,b_trs,b_mls,o_mms,x_mrs,x_b_blsls,o_b_bmsms,x_b_brsrs,negative
b_tls,b_tms,x_trs,x_mls,x_mms,b_mrs,o_b_blsls,o_b_bmsms,o_b_brsrs,negative
b_tls,b_tms,x_trs,x_mls,b_mms,x_mrs,o_b_blsls,o_b_bmsms,o_b_brsrs,negative
b_tls,b_tms,x_trs,o_mls,o_mms,o_mrs,x_b_blsls,x_b_bmsms,b_brs,negative
b_tls,b_tms,x_trs,o_mls,o_mms,o_mrs,x_b_blsls,b_bms,x_b_brsrs,negative
b_tls,b_tms,x_trs,o_mls,o_mms,o_mrs,b_bls,x_b_bmsms,x_b_brsrs,negative
b_tls,b_tms,x_trs,b_mls,x_mms,x_mrs,o_b_blsls,o_b_bmsms,o_b_brsrs,negative
b_tls,b_tms,o_trs,x_mls,x_mms,o_mrs,x_b_blsls,b_bms,o_b_brsrs,negative
b_tls,b_tms,o_trs,x_mls,x_mms,o_mrs,b_bls,x_b_bmsms,o_b_brsrs,negative
b_tls,b_tms,o_trs,x_mls,o_mms,x_mrs,o_b_blsls,x_b_bmsms,b_brs,negative
b_tls,b_tms,o_trs,x_mls,o_mms,x_mrs,o_b_blsls,b_bms,x_b_brsrs,negative
b_tls,b_tms,o_trs,x_mls,o_mms,b_mrs,o_b_blsls,x_b_bmsms,x_b_brsrs,negative
b_tls,b_tms,o_trs,x_mls,b_mms,o_mrs,x_b_blsls,x_b_bmsms,o_b_brsrs,negative
b_tls,b_tms,o_trs,b_mls,x_mms,o_mrs,x_b_blsls,x_b_bmsms,o_b_brsrs,negative
b_tls,b_tms,o_trs,b_mls,o_mms,x_mrs,o_b_blsls,x_b_bmsms,x_b_brsrs,negative
x_tls,x_tms,o_trs,o_mls,x_mms,x_mrs,x_b_blsls,o_b_bmsms,o_b_brsrs,negative
x_tls,x_tms,o_trs,o_mls,o_mms,x_mrs,x_b_blsls,x_b_bmsms,o_b_brsrs,negative
x_tls,x_tms,o_trs,o_mls,o_mms,x_mrs,x_b_blsls,o_b_bmsms,x_b_brsrs,negative
x_tls,o_tms,x_trs,x_mls,x_mms,o_mrs,o_b_blsls,x_b_bmsms,o_b_brsrs,negative
x_tls,o_tms,x_trs,x_mls,o_mms,x_mrs,o_b_blsls,x_b_bmsms,o_b_brsrs,negative
x_tls,o_tms,x_trs,x_mls,o_mms,o_mrs,o_b_blsls,x_b_bmsms,x_b_brsrs,negative
x_tls,o_tms,x_trs,o_mls,x_mms,x_mrs,o_b_blsls,x_b_bmsms,o_b_brsrs,negative
x_tls,o_tms,x_trs,o_mls,o_mms,x_mrs,x_b_blsls,x_b_bmsms,o_b_brsrs,negative
x_tls,o_tms,o_trs,o_mls,x_mms,x_mrs,x_b_blsls,x_b_bmsms,o_b_brsrs,negative
o_tls,x_tms,x_trs,x_mls,x_mms,o_mrs,o_b_blsls,o_b_bmsms,x_b_brsrs,negative
o_tls,x_tms,x_trs,x_mls,o_mms,o_mrs,x_b_blsls,o_b_bmsms,x_b_brsrs,negative
o_tls,x_tms,x_trs,x_mls,o_mms,o_mrs,o_b_blsls,x_b_bmsms,x_b_brsrs,negative
o_tls,x_tms,o_trs,x_mls,x_mms,o_mrs,x_b_blsls,o_b_bmsms,x_b_brsrs,negative
o_tls,x_tms,o_trs,x_mls,o_mms,x_mrs,x_b_blsls,o_b_bmsms,x_b_brsrs,negative
o_tls,x_tms,o_trs,o_mls,x_mms,x_mrs,x_b_blsls,o_b_bmsms,x_b_brsrs,negative
o_tls,o_tms,x_trs,x_mls,x_mms,o_mrs,o_b_blsls,x_b_bmsms,x_b_brsrs,negative
